Wavelength,Img-1.360,CL-1.360,Wavelength,Img-1.38,CL-1.38,Wavelength,Img-1.368,CL-1.368,Wavelength,Img-1.392,CL-1.392,,,,,,,,,,,,,,,,,,,,,,,,,,,,,,,,,,,,,,,,,,,,,,,,,,,,,,,,,,,,,,,,,,,,,,,,,,,,,,,,,,,,,,,,,,,,,,,,,,,,,,,,,,,,,,,,,,,,,,,,,,,,,,,,,,,,,,,,,,,,,,,,,,,,,,,,,,,,,,,,,,,,,,,,,,,,,,,,,,,,,,,,,,,,,,,,,,,,,,,,,,,,,,,,,,,,,,,,,,,,,,,,,,,,,,,,,,,,,,,,,,,,,,,,,,,,,,,
600,-3.34E-06,3.04,600,-1.78E-06,1.62,600,-2.44E-06,2.22,600,-1.47E-06,1.34,,,,,,,,,,,,,,,,,,,,,,,,,,,,,,,,,,,,,,,,,,,,,,,,,,,,,,,,,,,,,,,,,,,,,,,,,,,,,,,,,,,,,,,,,,,,,,,,,,,,,,,,,,,,,,,,,,,,,,,,,,,,,,,,,,,,,,,,,,,,,,,,,,,,,,,,,,,,,,,,,,,,,,,,,,,,,,,,,,,,,,,,,,,,,,,,,,,,,,,,,,,,,,,,,,,,,,,,,,,,,,,,,,,,,,,,,,,,,,,,,,,,,,,,,,,,,,,
605,-3.75E-06,3.38,605,-1.80E-06,1.63,605,-2.60E-06,2.35,605,-1.46E-06,1.31,,,,,,,,,,,,,,,,,,,,,,,,,,,,,,,,,,,,,,,,,,,,,,,,,,,,,,,,,,,,,,,,,,,,,,,,,,,,,,,,,,,,,,,,,,,,,,,,,,,,,,,,,,,,,,,,,,,,,,,,,,,,,,,,,,,,,,,,,,,,,,,,,,,,,,,,,,,,,,,,,,,,,,,,,,,,,,,,,,,,,,,,,,,,,,,,,,,,,,,,,,,,,,,,,,,,,,,,,,,,,,,,,,,,,,,,,,,,,,,,,,,,,,,,,,,,,,,
610,-4.29E-06,3.84,610,-1.84E-06,1.64,610,-2.81E-06,2.51,610,-1.44E-06,1.29,,,,,,,,,,,,,,,,,,,,,,,,,,,,,,,,,,,,,,,,,,,,,,,,,,,,,,,,,,,,,,,,,,,,,,,,,,,,,,,,,,,,,,,,,,,,,,,,,,,,,,,,,,,,,,,,,,,,,,,,,,,,,,,,,,,,,,,,,,,,,,,,,,,,,,,,,,,,,,,,,,,,,,,,,,,,,,,,,,,,,,,,,,,,,,,,,,,,,,,,,,,,,,,,,,,,,,,,,,,,,,,,,,,,,,,,,,,,,,,,,,,,,,,,,,,,,,,
615,-5.05E-06,4.48,615,-1.88E-06,1.67,615,-3.07E-06,2.73,615,-1.43E-06,1.27,,,,,,,,,,,,,,,,,,,,,,,,,,,,,,,,,,,,,,,,,,,,,,,,,,,,,,,,,,,,,,,,,,,,,,,,,,,,,,,,,,,,,,,,,,,,,,,,,,,,,,,,,,,,,,,,,,,,,,,,,,,,,,,,,,,,,,,,,,,,,,,,,,,,,,,,,,,,,,,,,,,,,,,,,,,,,,,,,,,,,,,,,,,,,,,,,,,,,,,,,,,,,,,,,,,,,,,,,,,,,,,,,,,,,,,,,,,,,,,,,,,,,,,,,,,,,,,
620,-6.05E-06,5.32,620,-1.95E-06,1.71,620,-3.41E-06,3.00,620,-1.43E-06,1.25,,,,,,,,,,,,,,,,,,,,,,,,,,,,,,,,,,,,,,,,,,,,,,,,,,,,,,,,,,,,,,,,,,,,,,,,,,,,,,,,,,,,,,,,,,,,,,,,,,,,,,,,,,,,,,,,,,,,,,,,,,,,,,,,,,,,,,,,,,,,,,,,,,,,,,,,,,,,,,,,,,,,,,,,,,,,,,,,,,,,,,,,,,,,,,,,,,,,,,,,,,,,,,,,,,,,,,,,,,,,,,,,,,,,,,,,,,,,,,,,,,,,,,,,,,,,,,,
625,-7.39E-06,6.46,625,-2.03E-06,1.77,625,-3.85E-06,3.36,625,-1.43E-06,1.25,,,,,,,,,,,,,,,,,,,,,,,,,,,,,,,,,,,,,,,,,,,,,,,,,,,,,,,,,,,,,,,,,,,,,,,,,,,,,,,,,,,,,,,,,,,,,,,,,,,,,,,,,,,,,,,,,,,,,,,,,,,,,,,,,,,,,,,,,,,,,,,,,,,,,,,,,,,,,,,,,,,,,,,,,,,,,,,,,,,,,,,,,,,,,,,,,,,,,,,,,,,,,,,,,,,,,,,,,,,,,,,,,,,,,,,,,,,,,,,,,,,,,,,,,,,,,,,
630,-9.30E-06,8.06,630,-2.14E-06,1.85,630,-4.41E-06,3.82,630,-1.44E-06,1.25,,,,,,,,,,,,,,,,,,,,,,,,,,,,,,,,,,,,,,,,,,,,,,,,,,,,,,,,,,,,,,,,,,,,,,,,,,,,,,,,,,,,,,,,,,,,,,,,,,,,,,,,,,,,,,,,,,,,,,,,,,,,,,,,,,,,,,,,,,,,,,,,,,,,,,,,,,,,,,,,,,,,,,,,,,,,,,,,,,,,,,,,,,,,,,,,,,,,,,,,,,,,,,,,,,,,,,,,,,,,,,,,,,,,,,,,,,,,,,,,,,,,,,,,,,,,,,,
631,-9.78E-06,8.46,635,-2.26E-06,1.94,635,-5.16E-06,4.44,635,-1.45E-06,1.25,,,,,,,,,,,,,,,,,,,,,,,,,,,,,,,,,,,,,,,,,,,,,,,,,,,,,,,,,,,,,,,,,,,,,,,,,,,,,,,,,,,,,,,,,,,,,,,,,,,,,,,,,,,,,,,,,,,,,,,,,,,,,,,,,,,,,,,,,,,,,,,,,,,,,,,,,,,,,,,,,,,,,,,,,,,,,,,,,,,,,,,,,,,,,,,,,,,,,,,,,,,,,,,,,,,,,,,,,,,,,,,,,,,,,,,,,,,,,,,,,,,,,,,,,,,,,,,
632,-1.03E-05,8.89,640,-2.41E-06,2.06,640,-6.18E-06,5.27,640,-1.47E-06,1.25,,,,,,,,,,,,,,,,,,,,,,,,,,,,,,,,,,,,,,,,,,,,,,,,,,,,,,,,,,,,,,,,,,,,,,,,,,,,,,,,,,,,,,,,,,,,,,,,,,,,,,,,,,,,,,,,,,,,,,,,,,,,,,,,,,,,,,,,,,,,,,,,,,,,,,,,,,,,,,,,,,,,,,,,,,,,,,,,,,,,,,,,,,,,,,,,,,,,,,,,,,,,,,,,,,,,,,,,,,,,,,,,,,,,,,,,,,,,,,,,,,,,,,,,,,,,,,,
633,-1.09E-05,9.35,645,-2.60E-06,2.20,645,-7.61E-06,6.44,645,-1.48E-06,1.25,,,,,,,,,,,,,,,,,,,,,,,,,,,,,,,,,,,,,,,,,,,,,,,,,,,,,,,,,,,,,,,,,,,,,,,,,,,,,,,,,,,,,,,,,,,,,,,,,,,,,,,,,,,,,,,,,,,,,,,,,,,,,,,,,,,,,,,,,,,,,,,,,,,,,,,,,,,,,,,,,,,,,,,,,,,,,,,,,,,,,,,,,,,,,,,,,,,,,,,,,,,,,,,,,,,,,,,,,,,,,,,,,,,,,,,,,,,,,,,,,,,,,,,,,,,,,,,
634,-1.15E-05,9.86,650,-2.83E-06,2.37,650,-9.67E-06,8.12,650,-1.50E-06,1.26,,,,,,,,,,,,,,,,,,,,,,,,,,,,,,,,,,,,,,,,,,,,,,,,,,,,,,,,,,,,,,,,,,,,,,,,,,,,,,,,,,,,,,,,,,,,,,,,,,,,,,,,,,,,,,,,,,,,,,,,,,,,,,,,,,,,,,,,,,,,,,,,,,,,,,,,,,,,,,,,,,,,,,,,,,,,,,,,,,,,,,,,,,,,,,,,,,,,,,,,,,,,,,,,,,,,,,,,,,,,,,,,,,,,,,,,,,,,,,,,,,,,,,,,,,,,,,,
635,-1.21E-05,10.40,655,-3.11E-06,2.59,655,-1.28E-05,10.65,655,-1.52E-06,1.27,,,,,,,,,,,,,,,,,,,,,,,,,,,,,,,,,,,,,,,,,,,,,,,,,,,,,,,,,,,,,,,,,,,,,,,,,,,,,,,,,,,,,,,,,,,,,,,,,,,,,,,,,,,,,,,,,,,,,,,,,,,,,,,,,,,,,,,,,,,,,,,,,,,,,,,,,,,,,,,,,,,,,,,,,,,,,,,,,,,,,,,,,,,,,,,,,,,,,,,,,,,,,,,,,,,,,,,,,,,,,,,,,,,,,,,,,,,,,,,,,,,,,,,,,,,,,,,
636,-1.28E-05,11.00,660,-3.49E-06,2.88,656,-1.36E-05,11.31,660,-1.56E-06,1.29,,,,,,,,,,,,,,,,,,,,,,,,,,,,,,,,,,,,,,,,,,,,,,,,,,,,,,,,,,,,,,,,,,,,,,,,,,,,,,,,,,,,,,,,,,,,,,,,,,,,,,,,,,,,,,,,,,,,,,,,,,,,,,,,,,,,,,,,,,,,,,,,,,,,,,,,,,,,,,,,,,,,,,,,,,,,,,,,,,,,,,,,,,,,,,,,,,,,,,,,,,,,,,,,,,,,,,,,,,,,,,,,,,,,,,,,,,,,,,,,,,,,,,,,,,,,,,,
637,-1.36E-05,11.64,665,-4.09E-06,3.36,657,-1.45E-05,12.03,665,-1.67E-06,1.37,,,,,,,,,,,,,,,,,,,,,,,,,,,,,,,,,,,,,,,,,,,,,,,,,,,,,,,,,,,,,,,,,,,,,,,,,,,,,,,,,,,,,,,,,,,,,,,,,,,,,,,,,,,,,,,,,,,,,,,,,,,,,,,,,,,,,,,,,,,,,,,,,,,,,,,,,,,,,,,,,,,,,,,,,,,,,,,,,,,,,,,,,,,,,,,,,,,,,,,,,,,,,,,,,,,,,,,,,,,,,,,,,,,,,,,,,,,,,,,,,,,,,,,,,,,,,,,
638,-1.44E-05,12.34,670,-4.87E-06,3.97,658,-1.55E-05,12.82,670,-1.80E-06,1.46,,,,,,,,,,,,,,,,,,,,,,,,,,,,,,,,,,,,,,,,,,,,,,,,,,,,,,,,,,,,,,,,,,,,,,,,,,,,,,,,,,,,,,,,,,,,,,,,,,,,,,,,,,,,,,,,,,,,,,,,,,,,,,,,,,,,,,,,,,,,,,,,,,,,,,,,,,,,,,,,,,,,,,,,,,,,,,,,,,,,,,,,,,,,,,,,,,,,,,,,,,,,,,,,,,,,,,,,,,,,,,,,,,,,,,,,,,,,,,,,,,,,,,,,,,,,,,,
639,-1.53E-05,13.11,671,-5.06E-06,4.12,659,-1.65E-05,13.70,675,-1.94E-06,1.57,,,,,,,,,,,,,,,,,,,,,,,,,,,,,,,,,,,,,,,,,,,,,,,,,,,,,,,,,,,,,,,,,,,,,,,,,,,,,,,,,,,,,,,,,,,,,,,,,,,,,,,,,,,,,,,,,,,,,,,,,,,,,,,,,,,,,,,,,,,,,,,,,,,,,,,,,,,,,,,,,,,,,,,,,,,,,,,,,,,,,,,,,,,,,,,,,,,,,,,,,,,,,,,,,,,,,,,,,,,,,,,,,,,,,,,,,,,,,,,,,,,,,,,,,,,,,,,
640,-1.63E-05,13.94,672,-5.26E-06,4.27,660,-1.77E-05,14.65,680,-2.11E-06,1.70,,,,,,,,,,,,,,,,,,,,,,,,,,,,,,,,,,,,,,,,,,,,,,,,,,,,,,,,,,,,,,,,,,,,,,,,,,,,,,,,,,,,,,,,,,,,,,,,,,,,,,,,,,,,,,,,,,,,,,,,,,,,,,,,,,,,,,,,,,,,,,,,,,,,,,,,,,,,,,,,,,,,,,,,,,,,,,,,,,,,,,,,,,,,,,,,,,,,,,,,,,,,,,,,,,,,,,,,,,,,,,,,,,,,,,,,,,,,,,,,,,,,,,,,,,,,,,,
641,-1.74E-05,14.85,673,-5.46E-06,4.43,661,-1.90E-05,15.68,685,-2.32E-06,1.85,,,,,,,,,,,,,,,,,,,,,,,,,,,,,,,,,,,,,,,,,,,,,,,,,,,,,,,,,,,,,,,,,,,,,,,,,,,,,,,,,,,,,,,,,,,,,,,,,,,,,,,,,,,,,,,,,,,,,,,,,,,,,,,,,,,,,,,,,,,,,,,,,,,,,,,,,,,,,,,,,,,,,,,,,,,,,,,,,,,,,,,,,,,,,,,,,,,,,,,,,,,,,,,,,,,,,,,,,,,,,,,,,,,,,,,,,,,,,,,,,,,,,,,,,,,,,,,
642,-1.86E-05,15.84,674,-5.68E-06,4.60,662,-2.04E-05,16.80,690,-2.57E-06,2.03,,,,,,,,,,,,,,,,,,,,,,,,,,,,,,,,,,,,,,,,,,,,,,,,,,,,,,,,,,,,,,,,,,,,,,,,,,,,,,,,,,,,,,,,,,,,,,,,,,,,,,,,,,,,,,,,,,,,,,,,,,,,,,,,,,,,,,,,,,,,,,,,,,,,,,,,,,,,,,,,,,,,,,,,,,,,,,,,,,,,,,,,,,,,,,,,,,,,,,,,,,,,,,,,,,,,,,,,,,,,,,,,,,,,,,,,,,,,,,,,,,,,,,,,,,,,,,,
643,-1.99E-05,16.92,675,-5.92E-06,4.79,663,-2.19E-05,18.02,695,-2.86E-06,2.25,,,,,,,,,,,,,,,,,,,,,,,,,,,,,,,,,,,,,,,,,,,,,,,,,,,,,,,,,,,,,,,,,,,,,,,,,,,,,,,,,,,,,,,,,,,,,,,,,,,,,,,,,,,,,,,,,,,,,,,,,,,,,,,,,,,,,,,,,,,,,,,,,,,,,,,,,,,,,,,,,,,,,,,,,,,,,,,,,,,,,,,,,,,,,,,,,,,,,,,,,,,,,,,,,,,,,,,,,,,,,,,,,,,,,,,,,,,,,,,,,,,,,,,,,,,,,,,
644,-2.14E-05,18.10,676,-6.17E-06,4.98,664,-2.35E-05,19.35,700,-3.22E-06,2.51,,,,index=3,Effective mode index (1),"lda=600, imag(ewfd.neff) (1)","lda=605, imag(ewfd.neff) (1)","lda=610, imag(ewfd.neff) (1)","lda=615, imag(ewfd.neff) (1)","lda=620, imag(ewfd.neff) (1)","lda=625, imag(ewfd.neff) (1)","lda=630, imag(ewfd.neff) (1)","lda=635, imag(ewfd.neff) (1)","lda=640, imag(ewfd.neff) (1)","lda=645, imag(ewfd.neff) (1)","lda=650, imag(ewfd.neff) (1)","lda=655, imag(ewfd.neff) (1)","lda=660, imag(ewfd.neff) (1)","lda=665, imag(ewfd.neff) (1)","lda=670, imag(ewfd.neff) (1)","lda=675, imag(ewfd.neff) (1)","lda=680, imag(ewfd.neff) (1)","lda=685, imag(ewfd.neff) (1)","lda=690, imag(ewfd.neff) (1)","lda=695, imag(ewfd.neff) (1)","lda=700, imag(ewfd.neff) (1)","lda=705, imag(ewfd.neff) (1)","lda=710, imag(ewfd.neff) (1)","lda=715, imag(ewfd.neff) (1)","lda=720, imag(ewfd.neff) (1)","lda=725, imag(ewfd.neff) (1)","lda=730, imag(ewfd.neff) (1)","lda=735, imag(ewfd.neff) (1)","lda=740, imag(ewfd.neff) (1)","lda=745, imag(ewfd.neff) (1)","lda=750, imag(ewfd.neff) (1)","lda=755, imag(ewfd.neff) (1)","lda=756, imag(ewfd.neff) (1)","lda=757, imag(ewfd.neff) (1)","lda=758, imag(ewfd.neff) (1)","lda=759, imag(ewfd.neff) (1)","lda=760, imag(ewfd.neff) (1)","lda=761, imag(ewfd.neff) (1)","lda=762, imag(ewfd.neff) (1)","lda=763, imag(ewfd.neff) (1)","lda=764, imag(ewfd.neff) (1)","lda=765, imag(ewfd.neff) (1)","lda=766, imag(ewfd.neff) (1)","lda=767, imag(ewfd.neff) (1)","lda=768, imag(ewfd.neff) (1)","lda=769, imag(ewfd.neff) (1)","lda=770, imag(ewfd.neff) (1)","lda=770.2, imag(ewfd.neff) (1)","lda=770.4, imag(ewfd.neff) (1)","lda=770.6, imag(ewfd.neff) (1)","lda=770.8, imag(ewfd.neff) (1)","lda=771, imag(ewfd.neff) (1)","lda=771.2, imag(ewfd.neff) (1)","lda=771.4, imag(ewfd.neff) (1)","lda=771.6, imag(ewfd.neff) (1)","lda=771.8, imag(ewfd.neff) (1)","lda=772, imag(ewfd.neff) (1)","lda=772.2, imag(ewfd.neff) (1)","lda=772.4, imag(ewfd.neff) (1)","lda=772.6, imag(ewfd.neff) (1)","lda=772.8, imag(ewfd.neff) (1)","lda=773, imag(ewfd.neff) (1)","lda=773.2, imag(ewfd.neff) (1)","lda=773.4, imag(ewfd.neff) (1)","lda=773.6, imag(ewfd.neff) (1)","lda=773.8, imag(ewfd.neff) (1)","lda=774, imag(ewfd.neff) (1)","lda=774.2, imag(ewfd.neff) (1)","lda=774.4, imag(ewfd.neff) (1)","lda=774.6, imag(ewfd.neff) (1)","lda=774.8, imag(ewfd.neff) (1)","lda=775, imag(ewfd.neff) (1)","lda=775.2, imag(ewfd.neff) (1)","lda=775.4, imag(ewfd.neff) (1)","lda=775.6, imag(ewfd.neff) (1)","lda=775.8, imag(ewfd.neff) (1)","lda=776, imag(ewfd.neff) (1)","lda=776.2, imag(ewfd.neff) (1)","lda=776.4, imag(ewfd.neff) (1)","lda=776.6, imag(ewfd.neff) (1)","lda=776.8, imag(ewfd.neff) (1)","lda=777, imag(ewfd.neff) (1)","lda=777.2, imag(ewfd.neff) (1)","lda=777.4, imag(ewfd.neff) (1)","lda=777.6, imag(ewfd.neff) (1)","lda=777.8, imag(ewfd.neff) (1)","lda=778, imag(ewfd.neff) (1)","lda=778.2, imag(ewfd.neff) (1)","lda=778.4, imag(ewfd.neff) (1)","lda=778.6, imag(ewfd.neff) (1)","lda=778.8, imag(ewfd.neff) (1)","lda=779, imag(ewfd.neff) (1)","lda=779.2, imag(ewfd.neff) (1)","lda=779.4, imag(ewfd.neff) (1)","lda=779.6, imag(ewfd.neff) (1)","lda=779.8, imag(ewfd.neff) (1)","lda=780, imag(ewfd.neff) (1)","lda=780.2, imag(ewfd.neff) (1)","lda=780.4, imag(ewfd.neff) (1)","lda=780.6, imag(ewfd.neff) (1)","lda=780.8, imag(ewfd.neff) (1)","lda=781, imag(ewfd.neff) (1)","lda=781.2, imag(ewfd.neff) (1)","lda=781.4, imag(ewfd.neff) (1)","lda=781.6, imag(ewfd.neff) (1)","lda=781.8, imag(ewfd.neff) (1)","lda=782, imag(ewfd.neff) (1)","lda=782.2, imag(ewfd.neff) (1)","lda=782.4, imag(ewfd.neff) (1)","lda=782.6, imag(ewfd.neff) (1)","lda=782.8, imag(ewfd.neff) (1)","lda=783, imag(ewfd.neff) (1)","lda=783.2, imag(ewfd.neff) (1)","lda=783.4, imag(ewfd.neff) (1)","lda=783.6, imag(ewfd.neff) (1)","lda=783.8, imag(ewfd.neff) (1)","lda=784, imag(ewfd.neff) (1)","lda=784.2, imag(ewfd.neff) (1)","lda=784.4, imag(ewfd.neff) (1)","lda=784.6, imag(ewfd.neff) (1)","lda=784.8, imag(ewfd.neff) (1)","lda=785, imag(ewfd.neff) (1)","lda=785.2, imag(ewfd.neff) (1)","lda=785.4, imag(ewfd.neff) (1)","lda=785.6, imag(ewfd.neff) (1)","lda=785.8, imag(ewfd.neff) (1)","lda=786, imag(ewfd.neff) (1)","lda=786.2, imag(ewfd.neff) (1)","lda=786.4, imag(ewfd.neff) (1)","lda=786.6, imag(ewfd.neff) (1)","lda=786.8, imag(ewfd.neff) (1)","lda=787, imag(ewfd.neff) (1)","lda=787.2, imag(ewfd.neff) (1)","lda=787.4, imag(ewfd.neff) (1)","lda=787.6, imag(ewfd.neff) (1)","lda=787.8, imag(ewfd.neff) (1)","lda=788, imag(ewfd.neff) (1)","lda=788.2, imag(ewfd.neff) (1)","lda=788.4, imag(ewfd.neff) (1)","lda=788.6, imag(ewfd.neff) (1)","lda=788.8, imag(ewfd.neff) (1)","lda=789, imag(ewfd.neff) (1)","lda=789.2, imag(ewfd.neff) (1)","lda=789.4, imag(ewfd.neff) (1)","lda=789.6, imag(ewfd.neff) (1)","lda=789.8, imag(ewfd.neff) (1)","lda=790, imag(ewfd.neff) (1)","lda=790.2, imag(ewfd.neff) (1)","lda=790.4, imag(ewfd.neff) (1)","lda=790.6, imag(ewfd.neff) (1)","lda=790.8, imag(ewfd.neff) (1)","lda=791, imag(ewfd.neff) (1)","lda=791.2, imag(ewfd.neff) (1)","lda=791.4, imag(ewfd.neff) (1)","lda=791.6, imag(ewfd.neff) (1)","lda=791.8, imag(ewfd.neff) (1)","lda=792, imag(ewfd.neff) (1)","lda=792.2, imag(ewfd.neff) (1)","lda=792.4, imag(ewfd.neff) (1)","lda=792.6, imag(ewfd.neff) (1)","lda=792.8, imag(ewfd.neff) (1)","lda=793, imag(ewfd.neff) (1)","lda=793.2, imag(ewfd.neff) (1)","lda=793.4, imag(ewfd.neff) (1)","lda=793.6, imag(ewfd.neff) (1)","lda=793.8, imag(ewfd.neff) (1)","lda=794, imag(ewfd.neff) (1)","lda=794.2, imag(ewfd.neff) (1)","lda=794.4, imag(ewfd.neff) (1)","lda=794.6, imag(ewfd.neff) (1)","lda=794.8, imag(ewfd.neff) (1)","lda=795, imag(ewfd.neff) (1)","lda=795.2, imag(ewfd.neff) (1)","lda=795.4, imag(ewfd.neff) (1)","lda=795.6, imag(ewfd.neff) (1)","lda=795.8, imag(ewfd.neff) (1)","lda=796, imag(ewfd.neff) (1)","lda=796.2, imag(ewfd.neff) (1)","lda=796.4, imag(ewfd.neff) (1)","lda=796.6, imag(ewfd.neff) (1)","lda=796.8, imag(ewfd.neff) (1)","lda=797, imag(ewfd.neff) (1)","lda=797.2, imag(ewfd.neff) (1)","lda=797.4, imag(ewfd.neff) (1)","lda=797.6, imag(ewfd.neff) (1)","lda=797.8, imag(ewfd.neff) (1)","lda=798, imag(ewfd.neff) (1)","lda=798.2, imag(ewfd.neff) (1)","lda=798.4, imag(ewfd.neff) (1)","lda=798.6, imag(ewfd.neff) (1)","lda=798.8, imag(ewfd.neff) (1)","lda=799, imag(ewfd.neff) (1)","lda=799.2, imag(ewfd.neff) (1)","lda=799.4, imag(ewfd.neff) (1)","lda=799.6, imag(ewfd.neff) (1)","lda=799.8, imag(ewfd.neff) (1)","lda=800, imag(ewfd.neff) (1)","lda=801, imag(ewfd.neff) (1)","lda=802, imag(ewfd.neff) (1)","lda=803, imag(ewfd.neff) (1)","lda=804, imag(ewfd.neff) (1)","lda=805, imag(ewfd.neff) (1)","lda=806, imag(ewfd.neff) (1)","lda=807, imag(ewfd.neff) (1)","lda=808, imag(ewfd.neff) (1)","lda=809, imag(ewfd.neff) (1)","lda=810, imag(ewfd.neff) (1)","lda=811, imag(ewfd.neff) (1)","lda=812, imag(ewfd.neff) (1)","lda=813, imag(ewfd.neff) (1)","lda=814, imag(ewfd.neff) (1)","lda=815, imag(ewfd.neff) (1)","lda=820, imag(ewfd.neff) (1)","lda=825, imag(ewfd.neff) (1)","lda=830, imag(ewfd.neff) (1)","lda=835, imag(ewfd.neff) (1)","lda=840, imag(ewfd.neff) (1)","lda=845, imag(ewfd.neff) (1)","lda=850, imag(ewfd.neff) (1)",,,,,,,,,,,,,,,,,,,,,,,,,,,,,,,
645,-2.29E-05,19.39,677,-6.43E-06,5.19,665,-2.53E-05,20.80,705,-3.67E-06,2.84,,,,,1.4573,-1.47E-06,-1.46E-06,-1.44E-06,-1.43E-06,-1.43E-06,-1.43E-06,-1.44E-06,-1.45E-06,-1.47E-06,-1.48E-06,-1.50E-06,-1.52E-06,-1.56E-06,-1.67E-06,-1.80E-06,-1.94E-06,-2.11E-06,-2.32E-06,-2.57E-06,-2.86E-06,-3.22E-06,-3.67E-06,-4.27E-06,-5.02E-06,-5.97E-06,-7.19E-06,-8.80E-06,-1.10E-05,-1.39E-05,-1.80E-05,-2.39E-05,-3.24E-05,-3.45E-05,-3.67E-05,-3.92E-05,-4.18E-05,-4.46E-05,-4.77E-05,-5.10E-05,-5.45E-05,-5.82E-05,-2.11E-07,-2.11E-07,-2.12E-07,-2.12E-07,-2.13E-07,-2.13E-07,-2.13E-07,-2.13E-07,-2.13E-07,-2.13E-07,-2.14E-07,-2.14E-07,-2.14E-07,-2.14E-07,-2.14E-07,-2.14E-07,-2.14E-07,-2.14E-07,-2.14E-07,-2.14E-07,-2.15E-07,-2.15E-07,-2.15E-07,-2.15E-07,-2.15E-07,-2.15E-07,-2.15E-07,-2.15E-07,-2.15E-07,-2.16E-07,-2.16E-07,-2.16E-07,-2.16E-07,-2.16E-07,-2.16E-07,-2.16E-07,-2.16E-07,-2.17E-07,-2.17E-07,-2.17E-07,-2.17E-07,-2.17E-07,-0.0023752,-0.0023693,-0.0023635,-1.25E-04,-1.26E-04,-1.26E-04,-1.27E-04,-1.27E-04,-1.28E-04,-1.28E-04,-1.28E-04,-1.29E-04,-1.29E-04,-1.29E-04,-1.29E-04,-1.30E-04,-1.30E-04,-1.30E-04,-1.30E-04,-1.30E-04,-1.30E-04,-1.29E-04,-1.29E-04,-1.29E-04,-1.29E-04,-1.29E-04,-1.28E-04,-1.28E-04,-1.28E-04,-1.27E-04,-1.27E-04,-1.26E-04,-1.26E-04,-1.25E-04,-1.25E-04,-1.24E-04,-1.23E-04,-1.23E-04,-1.22E-04,-1.21E-04,-1.21E-04,-1.20E-04,-1.19E-04,-1.18E-04,-1.18E-04,-1.17E-04,-1.16E-04,-1.15E-04,-1.14E-04,-1.14E-04,-1.13E-04,-1.12E-04,-1.11E-04,-1.10E-04,-1.09E-04,-1.08E-04,-1.07E-04,-1.07E-04,-1.06E-04,-1.05E-04,-1.04E-04,-1.03E-04,-1.02E-04,-1.01E-04,-1.00E-04,-9.96E-05,-9.87E-05,-9.78E-05,-9.70E-05,-9.61E-05,-9.52E-05,-9.44E-05,-9.35E-05,-9.27E-05,-9.18E-05,-9.10E-05,-9.02E-05,-8.94E-05,-8.85E-05,-8.77E-05,-8.69E-05,-8.61E-05,-8.53E-05,-8.46E-05,-8.38E-05,-8.30E-05,-8.23E-05,-8.15E-05,-8.08E-05,-8.00E-05,-7.93E-05,-7.86E-05,-7.79E-05,-7.72E-05,-7.65E-05,-7.58E-05,-7.51E-05,-7.44E-05,-7.37E-05,-7.31E-05,-7.24E-05,-7.18E-05,-7.11E-05,-7.05E-05,-6.99E-05,-6.92E-05,-6.86E-05,-6.80E-05,-6.74E-05,-6.68E-05,-6.63E-05,-6.57E-05,-6.51E-05,-6.46E-05,-6.19E-05,-5.93E-05,-5.69E-05,-5.47E-05,-5.25E-05,-5.05E-05,-4.86E-05,-4.69E-05,-4.52E-05,-4.36E-05,-4.21E-05,-4.07E-05,-3.93E-05,-3.81E-05,-3.69E-05,-3.18E-05,-2.79E-05,-2.48E-05,-2.24E-05,-2.05E-05,-1.88E-05,-1.74E-05,,,,,,,,,,,,,,,,,,,,,,,,,,,,,,,
646,-2.46E-05,20.80,678,-6.72E-06,5.41,666,-2.73E-05,22.37,710,-4.27E-06,3.28,,,,,,,,,,,,,,,,,,,,,,,,,,,,,,,,,,,,"lda=692, imag(ewfd.neff) (1)","lda=693, imag(ewfd.neff) (1)","lda=694, imag(ewfd.neff) (1)","lda=695, imag(ewfd.neff) (1)","lda=696, imag(ewfd.neff) (1)","lda=697, imag(ewfd.neff) (1)","lda=698, imag(ewfd.neff) (1)","lda=699, imag(ewfd.neff) (1)","lda=700, imag(ewfd.neff) (1)","lda=701, imag(ewfd.neff) (1)","lda=702, imag(ewfd.neff) (1)","lda=703, imag(ewfd.neff) (1)","lda=704, imag(ewfd.neff) (1)","lda=705, imag(ewfd.neff) (1)","lda=706, imag(ewfd.neff) (1)","lda=707, imag(ewfd.neff) (1)","lda=708, imag(ewfd.neff) (1)","lda=709, imag(ewfd.neff) (1)","lda=710, imag(ewfd.neff) (1)","lda=710.2, imag(ewfd.neff) (1)","lda=710.4, imag(ewfd.neff) (1)","lda=710.6, imag(ewfd.neff) (1)","lda=710.8, imag(ewfd.neff) (1)","lda=711, imag(ewfd.neff) (1)","lda=711.2, imag(ewfd.neff) (1)","lda=711.4, imag(ewfd.neff) (1)","lda=711.6, imag(ewfd.neff) (1)","lda=711.8, imag(ewfd.neff) (1)","lda=712, imag(ewfd.neff) (1)","lda=712.2, imag(ewfd.neff) (1)","lda=712.4, imag(ewfd.neff) (1)","lda=712.6, imag(ewfd.neff) (1)","lda=712.8, imag(ewfd.neff) (1)","lda=713, imag(ewfd.neff) (1)","lda=713.2, imag(ewfd.neff) (1)","lda=713.4, imag(ewfd.neff) (1)","lda=713.6, imag(ewfd.neff) (1)","lda=713.8, imag(ewfd.neff) (1)","lda=714, imag(ewfd.neff) (1)","lda=714.2, imag(ewfd.neff) (1)","lda=714.4, imag(ewfd.neff) (1)","lda=714.6, imag(ewfd.neff) (1)","lda=714.8, imag(ewfd.neff) (1)","lda=715, imag(ewfd.neff) (1)","lda=715.2, imag(ewfd.neff) (1)","lda=715.4, imag(ewfd.neff) (1)","lda=715.6, imag(ewfd.neff) (1)","lda=715.8, imag(ewfd.neff) (1)","lda=716, imag(ewfd.neff) (1)","lda=716.2, imag(ewfd.neff) (1)","lda=716.4, imag(ewfd.neff) (1)","lda=716.6, imag(ewfd.neff) (1)","lda=716.8, imag(ewfd.neff) (1)","lda=717, imag(ewfd.neff) (1)","lda=717.2, imag(ewfd.neff) (1)","lda=717.4, imag(ewfd.neff) (1)","lda=717.6, imag(ewfd.neff) (1)","lda=717.8, imag(ewfd.neff) (1)","lda=718, imag(ewfd.neff) (1)","lda=718.2, imag(ewfd.neff) (1)","lda=718.4, imag(ewfd.neff) (1)","lda=718.6, imag(ewfd.neff) (1)","lda=718.8, imag(ewfd.neff) (1)","lda=719, imag(ewfd.neff) (1)","lda=719.2, imag(ewfd.neff) (1)","lda=719.4, imag(ewfd.neff) (1)","lda=719.6, imag(ewfd.neff) (1)","lda=719.8, imag(ewfd.neff) (1)","lda=720, imag(ewfd.neff) (1)","lda=720.2, imag(ewfd.neff) (1)","lda=720.4, imag(ewfd.neff) (1)","lda=720.6, imag(ewfd.neff) (1)","lda=720.8, imag(ewfd.neff) (1)","lda=721, imag(ewfd.neff) (1)","lda=721.2, imag(ewfd.neff) (1)","lda=721.4, imag(ewfd.neff) (1)","lda=721.6, imag(ewfd.neff) (1)","lda=721.8, imag(ewfd.neff) (1)","lda=722, imag(ewfd.neff) (1)","lda=722.2, imag(ewfd.neff) (1)","lda=722.4, imag(ewfd.neff) (1)","lda=722.6, imag(ewfd.neff) (1)","lda=722.8, imag(ewfd.neff) (1)","lda=723, imag(ewfd.neff) (1)","lda=723.2, imag(ewfd.neff) (1)","lda=723.4, imag(ewfd.neff) (1)","lda=723.6, imag(ewfd.neff) (1)","lda=723.8, imag(ewfd.neff) (1)","lda=724, imag(ewfd.neff) (1)","lda=724.2, imag(ewfd.neff) (1)","lda=724.4, imag(ewfd.neff) (1)","lda=724.6, imag(ewfd.neff) (1)","lda=724.8, imag(ewfd.neff) (1)","lda=725, imag(ewfd.neff) (1)","lda=725.2, imag(ewfd.neff) (1)","lda=725.4, imag(ewfd.neff) (1)","lda=725.6, imag(ewfd.neff) (1)","lda=725.8, imag(ewfd.neff) (1)","lda=726, imag(ewfd.neff) (1)","lda=726.2, imag(ewfd.neff) (1)","lda=726.4, imag(ewfd.neff) (1)","lda=726.6, imag(ewfd.neff) (1)","lda=726.8, imag(ewfd.neff) (1)","lda=727, imag(ewfd.neff) (1)","lda=727.2, imag(ewfd.neff) (1)","lda=727.4, imag(ewfd.neff) (1)","lda=727.6, imag(ewfd.neff) (1)","lda=727.8, imag(ewfd.neff) (1)","lda=728, imag(ewfd.neff) (1)","lda=728.2, imag(ewfd.neff) (1)","lda=728.4, imag(ewfd.neff) (1)","lda=728.6, imag(ewfd.neff) (1)","lda=728.8, imag(ewfd.neff) (1)","lda=729, imag(ewfd.neff) (1)","lda=729.2, imag(ewfd.neff) (1)","lda=729.4, imag(ewfd.neff) (1)","lda=729.6, imag(ewfd.neff) (1)","lda=729.8, imag(ewfd.neff) (1)","lda=730, imag(ewfd.neff) (1)","lda=731, imag(ewfd.neff) (1)","lda=732, imag(ewfd.neff) (1)","lda=733, imag(ewfd.neff) (1)","lda=734, imag(ewfd.neff) (1)","lda=735, imag(ewfd.neff) (1)","lda=736, imag(ewfd.neff) (1)","lda=737, imag(ewfd.neff) (1)","lda=738, imag(ewfd.neff) (1)","lda=739, imag(ewfd.neff) (1)","lda=740, imag(ewfd.neff) (1)","lda=741, imag(ewfd.neff) (1)","lda=742, imag(ewfd.neff) (1)","lda=743, imag(ewfd.neff) (1)","lda=744, imag(ewfd.neff) (1)","lda=745, imag(ewfd.neff) (1)","lda=746, imag(ewfd.neff) (1)","lda=747, imag(ewfd.neff) (1)","lda=748, imag(ewfd.neff) (1)","lda=749, imag(ewfd.neff) (1)","lda=750, imag(ewfd.neff) (1)","lda=751, imag(ewfd.neff) (1)","lda=752, imag(ewfd.neff) (1)","lda=753, imag(ewfd.neff) (1)","lda=754, imag(ewfd.neff) (1)","lda=755, imag(ewfd.neff) (1)","lda=756, imag(ewfd.neff) (1)","lda=757, imag(ewfd.neff) (1)","lda=758, imag(ewfd.neff) (1)","lda=759, imag(ewfd.neff) (1)","lda=760, imag(ewfd.neff) (1)","lda=765, imag(ewfd.neff) (1)","lda=770, imag(ewfd.neff) (1)","lda=775, imag(ewfd.neff) (1)","lda=780, imag(ewfd.neff) (1)","lda=785, imag(ewfd.neff) (1)","lda=790, imag(ewfd.neff) (1)","lda=795, imag(ewfd.neff) (1)","lda=800, imag(ewfd.neff) (1)","lda=805, imag(ewfd.neff) (1)","lda=810, imag(ewfd.neff) (1)","lda=815, imag(ewfd.neff) (1)","lda=820, imag(ewfd.neff) (1)","lda=825, imag(ewfd.neff) (1)","lda=830, imag(ewfd.neff) (1)","lda=835, imag(ewfd.neff) (1)","lda=840, imag(ewfd.neff) (1)","lda=845, imag(ewfd.neff) (1)","lda=850, imag(ewfd.neff) (1)","lda=855, imag(ewfd.neff) (1)","lda=860, imag(ewfd.neff) (1)","lda=865, imag(ewfd.neff) (1)","lda=870, imag(ewfd.neff) (1)","lda=875, imag(ewfd.neff) (1)","lda=880, imag(ewfd.neff) (1)","lda=885, imag(ewfd.neff) (1)","lda=890, imag(ewfd.neff) (1)","lda=895, imag(ewfd.neff) (1)","lda=900, imag(ewfd.neff) (1)",,,,,,,,,,,,,,,,,,,,,,,,,,,,,,,,,,,,,,,,,,,
647,-2.65E-05,22.33,679,-7.02E-06,5.64,667,-2.94E-05,24.09,715,-5.02E-06,3.83,,,,,,,,,,,,,,,,,,,,,,,,,,,,,,,,,,,,-1.36E-05,-1.45E-05,-1.54E-05,-1.63E-05,-1.74E-05,-1.86E-05,-1.98E-05,-2.12E-05,-2.27E-05,-2.44E-05,-2.62E-05,-2.82E-05,-3.04E-05,-3.27E-05,-3.53E-05,-1.85E-07,-1.85E-07,-1.86E-07,-1.86E-07,-1.86E-07,-1.86E-07,-1.86E-07,-1.86E-07,-1.86E-07,-1.87E-07,-0.0033033,-0.0032966,-0.00329,-0.0032833,-0.0032766,-0.0032698,-0.003263,-0.0032562,-0.0032492,-0.0032423,-0.0032353,-0.0032282,-0.0032211,-0.003214,-0.0032068,-0.0031995,-0.0031922,-0.0031848,-0.0031774,-0.0031699,-0.0031624,-0.0031548,-0.0031471,-0.0031394,-0.0031317,-0.0031239,-0.003116,-0.0031081,-1.89E-07,-1.89E-07,-1.89E-07,-1.89E-07,-1.89E-07,-1.90E-07,-1.90E-07,-1.90E-07,-1.90E-07,-1.90E-07,-1.90E-07,-1.90E-07,-1.90E-07,-1.90E-07,-1.90E-07,-1.90E-07,-1.90E-07,-0.0029406,-0.0029319,-9.17E-05,-9.22E-05,-9.27E-05,-9.32E-05,-9.36E-05,-9.40E-05,-9.44E-05,-9.47E-05,-9.50E-05,-9.53E-05,-9.55E-05,-9.57E-05,-9.58E-05,-9.60E-05,-9.60E-05,-9.61E-05,-9.61E-05,-9.60E-05,-9.60E-05,-9.58E-05,-9.57E-05,-9.55E-05,-9.53E-05,-9.50E-05,-9.48E-05,-9.45E-05,-9.41E-05,-9.37E-05,-9.33E-05,-9.29E-05,-9.25E-05,-9.20E-05,-9.15E-05,-9.10E-05,-9.04E-05,-8.98E-05,-8.93E-05,-8.87E-05,-8.80E-05,-8.74E-05,-8.68E-05,-8.61E-05,-8.54E-05,-8.47E-05,-8.41E-05,-8.34E-05,-8.26E-05,-7.90E-05,-7.53E-05,-7.16E-05,-6.80E-05,-1.96E-07,-1.96E-07,-1.97E-07,-1.97E-07,-1.98E-07,-1.98E-07,-1.98E-07,-1.99E-07,-1.99E-07,-4.04E-05,-3.85E-05,-3.68E-05,-3.52E-05,-3.36E-05,-3.22E-05,-3.09E-05,-2.96E-05,-2.85E-05,-2.74E-05,-2.64E-05,-2.54E-05,-2.45E-05,-2.37E-05,-2.29E-05,-2.22E-05,-2.15E-05,-1.87E-05,-1.66E-05,-1.49E-05,-1.35E-05,-1.24E-05,-1.16E-05,-1.09E-05,-1.03E-05,-9.82E-06,-9.39E-06,-9.03E-06,-8.73E-06,-8.48E-06,-8.27E-06,-8.08E-06,-7.90E-06,-7.71E-06,-7.56E-06,-7.44E-06,-7.35E-06,-7.30E-06,-7.28E-06,-7.26E-06,-7.21E-06,-7.14E-06,-7.07E-06,-7.09E-06,-7.17E-06,,,,,,,,,,,,,,,,,,,,,,,,,,,,,,,,,,,,,,,,,,,
648,-2.85E-05,23.99,680,-7.34E-06,5.89,668,-3.18E-05,25.94,720,-5.97E-06,4.52,,,,,,,,,,,,,,,,,,,,,,,,,,,,,,,,,,,,,,,,,,,,,,,,,,,,,,,,,,,,,,,,,,,,,,,,,,,,,,,,,,,,,,,,,,,,,,,,,,,,,,,,,,,,,,,,,,,,,,,,,,,,,,,,,,,,,,,,,,,,,,,,,,,,,,,,,,,,,,,,,,,,,,,,,,,,,,,,,,,,,,,,,,,,,,,,,,,,,,,,,,,,,,,,,,,,,,,,,,,,,,,,,,,,,,,,,,,,,,,,,,,,,,,,,,,,,,,
649,-3.07E-05,25.78,681,-7.68E-06,6.16,669,-3.43E-05,27.94,725,-7.19E-06,5.41,,,index=2,Effective mode index (1),"lda=600, imag(ewfd.neff) (1)","lda=605, imag(ewfd.neff) (1)","lda=610, imag(ewfd.neff) (1)","lda=615, imag(ewfd.neff) (1)","lda=620, imag(ewfd.neff) (1)","lda=625, imag(ewfd.neff) (1)","lda=630, imag(ewfd.neff) (1)","lda=635, imag(ewfd.neff) (1)","lda=640, imag(ewfd.neff) (1)","lda=645, imag(ewfd.neff) (1)","lda=650, imag(ewfd.neff) (1)","lda=655, imag(ewfd.neff) (1)","lda=660, imag(ewfd.neff) (1)","lda=665, imag(ewfd.neff) (1)","lda=670, imag(ewfd.neff) (1)","lda=675, imag(ewfd.neff) (1)","lda=680, imag(ewfd.neff) (1)","lda=685, imag(ewfd.neff) (1)","lda=690, imag(ewfd.neff) (1)","lda=695, imag(ewfd.neff) (1)","lda=700, imag(ewfd.neff) (1)","lda=705, imag(ewfd.neff) (1)","lda=710, imag(ewfd.neff) (1)","lda=715, imag(ewfd.neff) (1)","lda=720, imag(ewfd.neff) (1)","lda=725, imag(ewfd.neff) (1)","lda=730, imag(ewfd.neff) (1)","lda=735, imag(ewfd.neff) (1)","lda=740, imag(ewfd.neff) (1)","lda=745, imag(ewfd.neff) (1)","lda=750, imag(ewfd.neff) (1)","lda=755, imag(ewfd.neff) (1)","lda=756, imag(ewfd.neff) (1)","lda=757, imag(ewfd.neff) (1)","lda=758, imag(ewfd.neff) (1)","lda=759, imag(ewfd.neff) (1)","lda=760, imag(ewfd.neff) (1)","lda=761, imag(ewfd.neff) (1)","lda=762, imag(ewfd.neff) (1)","lda=763, imag(ewfd.neff) (1)","lda=764, imag(ewfd.neff) (1)","lda=765, imag(ewfd.neff) (1)","lda=766, imag(ewfd.neff) (1)","lda=767, imag(ewfd.neff) (1)","lda=768, imag(ewfd.neff) (1)","lda=769, imag(ewfd.neff) (1)","lda=770, imag(ewfd.neff) (1)","lda=770.2, imag(ewfd.neff) (1)","lda=770.4, imag(ewfd.neff) (1)","lda=770.6, imag(ewfd.neff) (1)","lda=770.8, imag(ewfd.neff) (1)","lda=771, imag(ewfd.neff) (1)","lda=771.2, imag(ewfd.neff) (1)","lda=771.4, imag(ewfd.neff) (1)","lda=771.6, imag(ewfd.neff) (1)","lda=771.8, imag(ewfd.neff) (1)","lda=772, imag(ewfd.neff) (1)","lda=772.2, imag(ewfd.neff) (1)","lda=772.4, imag(ewfd.neff) (1)","lda=772.6, imag(ewfd.neff) (1)","lda=772.8, imag(ewfd.neff) (1)","lda=773, imag(ewfd.neff) (1)","lda=773.2, imag(ewfd.neff) (1)","lda=773.4, imag(ewfd.neff) (1)","lda=773.6, imag(ewfd.neff) (1)","lda=773.8, imag(ewfd.neff) (1)","lda=774, imag(ewfd.neff) (1)","lda=774.2, imag(ewfd.neff) (1)","lda=774.4, imag(ewfd.neff) (1)","lda=774.6, imag(ewfd.neff) (1)","lda=774.8, imag(ewfd.neff) (1)","lda=775, imag(ewfd.neff) (1)","lda=775.2, imag(ewfd.neff) (1)","lda=775.4, imag(ewfd.neff) (1)","lda=775.6, imag(ewfd.neff) (1)","lda=775.8, imag(ewfd.neff) (1)","lda=776, imag(ewfd.neff) (1)","lda=776.2, imag(ewfd.neff) (1)","lda=776.4, imag(ewfd.neff) (1)","lda=776.6, imag(ewfd.neff) (1)","lda=776.8, imag(ewfd.neff) (1)","lda=777, imag(ewfd.neff) (1)","lda=777.2, imag(ewfd.neff) (1)","lda=777.4, imag(ewfd.neff) (1)","lda=777.6, imag(ewfd.neff) (1)","lda=777.8, imag(ewfd.neff) (1)","lda=778, imag(ewfd.neff) (1)","lda=778.2, imag(ewfd.neff) (1)","lda=778.4, imag(ewfd.neff) (1)","lda=778.6, imag(ewfd.neff) (1)","lda=778.8, imag(ewfd.neff) (1)","lda=779, imag(ewfd.neff) (1)","lda=779.2, imag(ewfd.neff) (1)","lda=779.4, imag(ewfd.neff) (1)","lda=779.6, imag(ewfd.neff) (1)","lda=779.8, imag(ewfd.neff) (1)","lda=780, imag(ewfd.neff) (1)","lda=780.2, imag(ewfd.neff) (1)","lda=780.4, imag(ewfd.neff) (1)","lda=780.6, imag(ewfd.neff) (1)","lda=780.8, imag(ewfd.neff) (1)","lda=781, imag(ewfd.neff) (1)","lda=781.2, imag(ewfd.neff) (1)","lda=781.4, imag(ewfd.neff) (1)","lda=781.6, imag(ewfd.neff) (1)","lda=781.8, imag(ewfd.neff) (1)","lda=782, imag(ewfd.neff) (1)","lda=782.2, imag(ewfd.neff) (1)","lda=782.4, imag(ewfd.neff) (1)","lda=782.6, imag(ewfd.neff) (1)","lda=782.8, imag(ewfd.neff) (1)","lda=783, imag(ewfd.neff) (1)","lda=783.2, imag(ewfd.neff) (1)","lda=783.4, imag(ewfd.neff) (1)","lda=783.6, imag(ewfd.neff) (1)","lda=783.8, imag(ewfd.neff) (1)","lda=784, imag(ewfd.neff) (1)","lda=784.2, imag(ewfd.neff) (1)","lda=784.4, imag(ewfd.neff) (1)","lda=784.6, imag(ewfd.neff) (1)","lda=784.8, imag(ewfd.neff) (1)","lda=785, imag(ewfd.neff) (1)","lda=785.2, imag(ewfd.neff) (1)","lda=785.4, imag(ewfd.neff) (1)","lda=785.6, imag(ewfd.neff) (1)","lda=785.8, imag(ewfd.neff) (1)","lda=786, imag(ewfd.neff) (1)","lda=786.2, imag(ewfd.neff) (1)","lda=786.4, imag(ewfd.neff) (1)","lda=786.6, imag(ewfd.neff) (1)","lda=786.8, imag(ewfd.neff) (1)","lda=787, imag(ewfd.neff) (1)","lda=787.2, imag(ewfd.neff) (1)","lda=787.4, imag(ewfd.neff) (1)","lda=787.6, imag(ewfd.neff) (1)","lda=787.8, imag(ewfd.neff) (1)","lda=788, imag(ewfd.neff) (1)","lda=788.2, imag(ewfd.neff) (1)","lda=788.4, imag(ewfd.neff) (1)","lda=788.6, imag(ewfd.neff) (1)","lda=788.8, imag(ewfd.neff) (1)","lda=789, imag(ewfd.neff) (1)","lda=789.2, imag(ewfd.neff) (1)","lda=789.4, imag(ewfd.neff) (1)","lda=789.6, imag(ewfd.neff) (1)","lda=789.8, imag(ewfd.neff) (1)","lda=790, imag(ewfd.neff) (1)","lda=790.2, imag(ewfd.neff) (1)","lda=790.4, imag(ewfd.neff) (1)","lda=790.6, imag(ewfd.neff) (1)","lda=790.8, imag(ewfd.neff) (1)","lda=791, imag(ewfd.neff) (1)","lda=791.2, imag(ewfd.neff) (1)","lda=791.4, imag(ewfd.neff) (1)","lda=791.6, imag(ewfd.neff) (1)","lda=791.8, imag(ewfd.neff) (1)","lda=792, imag(ewfd.neff) (1)","lda=792.2, imag(ewfd.neff) (1)","lda=792.4, imag(ewfd.neff) (1)","lda=792.6, imag(ewfd.neff) (1)","lda=792.8, imag(ewfd.neff) (1)","lda=793, imag(ewfd.neff) (1)","lda=793.2, imag(ewfd.neff) (1)","lda=793.4, imag(ewfd.neff) (1)","lda=793.6, imag(ewfd.neff) (1)","lda=793.8, imag(ewfd.neff) (1)","lda=794, imag(ewfd.neff) (1)","lda=794.2, imag(ewfd.neff) (1)","lda=794.4, imag(ewfd.neff) (1)","lda=794.6, imag(ewfd.neff) (1)","lda=794.8, imag(ewfd.neff) (1)","lda=795, imag(ewfd.neff) (1)","lda=795.2, imag(ewfd.neff) (1)","lda=795.4, imag(ewfd.neff) (1)","lda=795.6, imag(ewfd.neff) (1)","lda=795.8, imag(ewfd.neff) (1)","lda=796, imag(ewfd.neff) (1)","lda=796.2, imag(ewfd.neff) (1)","lda=796.4, imag(ewfd.neff) (1)","lda=796.6, imag(ewfd.neff) (1)","lda=796.8, imag(ewfd.neff) (1)","lda=797, imag(ewfd.neff) (1)","lda=797.2, imag(ewfd.neff) (1)","lda=797.4, imag(ewfd.neff) (1)","lda=797.6, imag(ewfd.neff) (1)","lda=797.8, imag(ewfd.neff) (1)","lda=798, imag(ewfd.neff) (1)","lda=798.2, imag(ewfd.neff) (1)","lda=798.4, imag(ewfd.neff) (1)","lda=798.6, imag(ewfd.neff) (1)","lda=798.8, imag(ewfd.neff) (1)","lda=799, imag(ewfd.neff) (1)","lda=799.2, imag(ewfd.neff) (1)","lda=799.4, imag(ewfd.neff) (1)","lda=799.6, imag(ewfd.neff) (1)","lda=799.8, imag(ewfd.neff) (1)","lda=800, imag(ewfd.neff) (1)","lda=801, imag(ewfd.neff) (1)","lda=802, imag(ewfd.neff) (1)","lda=803, imag(ewfd.neff) (1)","lda=804, imag(ewfd.neff) (1)","lda=805, imag(ewfd.neff) (1)","lda=806, imag(ewfd.neff) (1)","lda=807, imag(ewfd.neff) (1)","lda=808, imag(ewfd.neff) (1)","lda=809, imag(ewfd.neff) (1)","lda=810, imag(ewfd.neff) (1)","lda=811, imag(ewfd.neff) (1)","lda=812, imag(ewfd.neff) (1)","lda=813, imag(ewfd.neff) (1)","lda=814, imag(ewfd.neff) (1)","lda=815, imag(ewfd.neff) (1)","lda=820, imag(ewfd.neff) (1)","lda=825, imag(ewfd.neff) (1)","lda=830, imag(ewfd.neff) (1)","lda=835, imag(ewfd.neff) (1)","lda=840, imag(ewfd.neff) (1)","lda=845, imag(ewfd.neff) (1)","lda=850, imag(ewfd.neff) (1)",,,,,,,,,,,,,,,,,,,,,,,,,,,,,,,,
650,-3.30E-05,27.70,682,-8.05E-06,6.44,670,-3.69E-05,30.10,730,-8.80E-06,6.58,,,,1.4565,-8.23E-07,-7.80E-07,-7.38E-07,-6.96E-07,-6.65E-07,-6.38E-07,-6.12E-07,-5.87E-07,-5.62E-07,-5.37E-07,-5.12E-07,-4.89E-07,-4.67E-07,-4.65E-07,-4.64E-07,-4.63E-07,-4.64E-07,-4.63E-07,-4.60E-07,-4.60E-07,-4.61E-07,-4.61E-07,-4.70E-07,-4.76E-07,-4.78E-07,-4.87E-07,-5.00E-07,-5.06E-07,-5.08E-07,-5.17E-07,-5.31E-07,-5.39E-07,-5.40E-07,-5.40E-07,-5.41E-07,-5.41E-07,-5.42E-07,-5.42E-07,-5.43E-07,-5.45E-07,-5.46E-07,-6.23E-05,-6.66E-05,-7.11E-05,-7.59E-05,-8.10E-05,-8.62E-05,-8.73E-05,-8.83E-05,-8.94E-05,-9.05E-05,-9.16E-05,-9.27E-05,-9.38E-05,-9.49E-05,-9.60E-05,-9.71E-05,-9.82E-05,-9.93E-05,-1.00E-04,-1.01E-04,-1.03E-04,-1.04E-04,-1.05E-04,-1.06E-04,-1.07E-04,-1.08E-04,-1.09E-04,-1.10E-04,-1.11E-04,-1.12E-04,-1.13E-04,-1.14E-04,-1.15E-04,-1.16E-04,-1.17E-04,-1.18E-04,-1.19E-04,-1.19E-04,-1.20E-04,-1.21E-04,-1.22E-04,-1.23E-04,-1.23E-04,-1.24E-04,-1.25E-04,-0.0023575,-0.0023516,-0.0023457,-0.0023398,-6.01E-07,-6.01E-07,-6.02E-07,-6.02E-07,-6.02E-07,-6.02E-07,-6.02E-07,-6.02E-07,-6.02E-07,-6.02E-07,-6.02E-07,-6.02E-07,-6.02E-07,-6.02E-07,-6.02E-07,-6.02E-07,-6.02E-07,-6.02E-07,-6.02E-07,-6.02E-07,-6.02E-07,-6.02E-07,-6.02E-07,-6.02E-07,-6.02E-07,-6.02E-07,-6.02E-07,-6.02E-07,-6.02E-07,-6.01E-07,-6.01E-07,-6.01E-07,-6.01E-07,-6.01E-07,-6.01E-07,-6.01E-07,-6.01E-07,-6.01E-07,-6.01E-07,-6.01E-07,-6.01E-07,-6.01E-07,-6.01E-07,-6.01E-07,-6.01E-07,-6.01E-07,-6.01E-07,-6.02E-07,-6.02E-07,-6.02E-07,-6.02E-07,-6.02E-07,-6.03E-07,-6.03E-07,-6.03E-07,-6.04E-07,-6.04E-07,-6.04E-07,-6.05E-07,-6.05E-07,-6.05E-07,-6.06E-07,-6.06E-07,-6.07E-07,-6.07E-07,-6.08E-07,-6.09E-07,-6.09E-07,-6.10E-07,-6.10E-07,-6.11E-07,-6.12E-07,-6.12E-07,-6.13E-07,-6.14E-07,-6.15E-07,-6.16E-07,-6.16E-07,-6.17E-07,-6.18E-07,-6.19E-07,-6.20E-07,-6.21E-07,-6.22E-07,-6.23E-07,-6.24E-07,-6.25E-07,-6.26E-07,-6.27E-07,-6.28E-07,-6.29E-07,-6.31E-07,-6.32E-07,-6.33E-07,-6.34E-07,-6.35E-07,-6.37E-07,-6.38E-07,-6.39E-07,-6.40E-07,-6.42E-07,-6.43E-07,-6.44E-07,-6.46E-07,-6.47E-07,-6.48E-07,-6.49E-07,-6.56E-07,-6.62E-07,-6.68E-07,-6.73E-07,-6.78E-07,-6.81E-07,-6.83E-07,-6.85E-07,-6.85E-07,-6.84E-07,-6.83E-07,-6.81E-07,-6.78E-07,-6.76E-07,-6.74E-07,-6.72E-07,-6.84E-07,-7.15E-07,-7.60E-07,-7.95E-07,-7.91E-07,-7.64E-07,,,,,,,,,,,,,,,,,,,,,,,,,,,,,,,,
650.2,-3.35E-05,28.10,683,-8.44E-06,6.74,670.2,-3.75E-05,30.55,735,-1.10E-05,8.14,,,,,,,,,,,,,,,,,,,,,,,,,,,,,,,,,,,,-4.52E-07,-4.52E-07,-4.52E-07,-4.52E-07,-4.52E-07,-4.52E-07,-4.51E-07,-4.51E-07,-4.50E-07,-4.50E-07,-4.49E-07,-4.49E-07,-4.49E-07,-4.50E-07,-4.51E-07,-3.80E-05,-4.09E-05,-4.41E-05,-4.76E-05,-4.83E-05,-4.90E-05,-4.98E-05,-5.05E-05,-5.13E-05,-5.20E-05,-1.87E-07,-1.87E-07,-1.87E-07,-1.87E-07,-1.87E-07,-1.87E-07,-1.87E-07,-1.87E-07,-1.87E-07,-1.87E-07,-1.87E-07,-1.88E-07,-1.88E-07,-1.88E-07,-1.88E-07,-1.88E-07,-1.88E-07,-1.88E-07,-1.88E-07,-1.88E-07,-1.88E-07,-1.88E-07,-1.89E-07,-1.89E-07,-1.89E-07,-1.89E-07,-1.89E-07,-1.89E-07,-0.0031001,-0.0030921,-7.90E-05,-7.98E-05,-8.07E-05,-8.16E-05,-8.24E-05,-8.32E-05,-8.41E-05,-8.48E-05,-8.56E-05,-8.64E-05,-8.71E-05,-8.79E-05,-8.86E-05,-8.92E-05,-8.99E-05,-9.05E-05,-9.11E-05,-0.0029231,-0.0029142,-0.0029054,-0.0028965,-0.0028876,-0.0028786,-0.0028697,-0.0028607,-0.0028517,-0.0028426,-0.0028336,-0.0028245,-0.0028154,-0.0028064,-0.0027972,-0.0027881,-0.002779,-0.0027699,-0.0027608,-0.0027517,-0.0027425,-0.0027334,-0.0027243,-4.81E-07,-4.82E-07,-4.82E-07,-4.83E-07,-4.83E-07,-4.84E-07,-4.84E-07,-4.85E-07,-4.85E-07,-4.86E-07,-4.86E-07,-4.87E-07,-4.87E-07,-4.88E-07,-4.88E-07,-4.88E-07,-4.89E-07,-4.89E-07,-4.90E-07,-4.90E-07,-4.90E-07,-4.91E-07,-4.91E-07,-4.91E-07,-4.92E-07,-4.93E-07,-4.94E-07,-4.94E-07,-4.94E-07,-4.95E-07,-4.95E-07,-1.28E-04,-1.22E-04,-1.16E-04,-1.10E-04,-5.01E-07,-5.04E-07,-5.07E-07,-5.10E-07,-5.13E-07,-5.16E-07,-5.19E-07,-5.22E-07,-5.24E-07,-5.26E-07,-5.27E-07,-5.28E-07,-5.28E-07,-5.28E-07,-5.27E-07,-5.28E-07,-5.28E-07,-5.28E-07,-5.29E-07,-5.40E-07,-5.61E-07,-5.80E-07,-5.83E-07,-5.80E-07,-5.88E-07,-6.11E-07,-6.42E-07,-6.60E-07,-6.54E-07,-6.46E-07,-6.51E-07,-6.72E-07,-7.10E-07,-7.50E-07,-7.63E-07,-7.43E-07,-7.20E-07,-7.13E-07,-7.25E-07,-7.60E-07,-8.19E-07,-8.88E-07,-9.23E-07,-8.95E-07,-8.46E-07,-8.16E-07,-8.13E-07,,,,,,,,,,,,,,,,,,,,,,,,,,,,,,,,,,,,,,,,,,,
650.4,-3.40E-05,28.51,684,-8.86E-06,7.07,670.4,-3.81E-05,31.00,740,-1.39E-05,10.27,,,,,,,,,,,,,,,,,,,,,,,,,,,,,,,,,,,,,,,,,,,,,,,,,,,,,,,,,,,,,,,,,,,,,,,,,,,,,,,,,,,,,,,,,,,,,,,,,,,,,,,,,,,,,,,,,,,,,,,,,,,,,,,,,,,,,,,,,,,,,,,,,,,,,,,,,,,,,,,,,,,,,,,,,,,,,,,,,,,,,,,,,,,,,,,,,,,,,,,,,,,,,,,,,,,,,,,,,,,,,,,,,,,,,,,,,,,,,,,,,,,,,,,,,,,,,,,
650.6,-3.45E-05,28.92,685,-9.31E-06,7.42,670.6,-3.87E-05,31.46,745,-1.80E-05,13.20,,,,,,,,,,,,,,,,,,,,,,,,,,,,,,,,,,,,,,,,,,,,,,,,,,,,,,,,,,,,,,,,,,,,,,,,,,,,,,,,,,,,,,,,,,,,,,,,,,,,,,,,,,,,,,,,,,,,,,,,,,,,,,,,,,,,,,,,,,,,,,,,,,,,,,,,,,,,,,,,,,,,,,,,,,,,,,,,,,,,,,,,,,,,,,,,,,,,,,,,,,,,,,,,,,,,,,,,,,,,,,,,,,,,,,,,,,,,,,,,,,,,,,,,,,,,,,,
650.8,-3.50E-05,29.33,686,-9.80E-06,7.79,670.8,-3.92E-05,31.92,750,-2.39E-05,17.36,,,,,,,,,,,,,,,,,,,,,,,,,,,,,,,,,,,,"lda=692, imag(ewfd.neff) (1)","lda=693, imag(ewfd.neff) (1)","lda=694, imag(ewfd.neff) (1)","lda=695, imag(ewfd.neff) (1)","lda=696, imag(ewfd.neff) (1)","lda=697, imag(ewfd.neff) (1)","lda=698, imag(ewfd.neff) (1)","lda=699, imag(ewfd.neff) (1)","lda=700, imag(ewfd.neff) (1)","lda=701, imag(ewfd.neff) (1)","lda=702, imag(ewfd.neff) (1)","lda=703, imag(ewfd.neff) (1)","lda=704, imag(ewfd.neff) (1)","lda=705, imag(ewfd.neff) (1)","lda=706, imag(ewfd.neff) (1)","lda=707, imag(ewfd.neff) (1)","lda=708, imag(ewfd.neff) (1)","lda=709, imag(ewfd.neff) (1)","lda=710, imag(ewfd.neff) (1)","lda=710.2, imag(ewfd.neff) (1)","lda=710.4, imag(ewfd.neff) (1)","lda=710.6, imag(ewfd.neff) (1)","lda=710.8, imag(ewfd.neff) (1)","lda=711, imag(ewfd.neff) (1)","lda=711.2, imag(ewfd.neff) (1)","lda=711.4, imag(ewfd.neff) (1)","lda=711.6, imag(ewfd.neff) (1)","lda=711.8, imag(ewfd.neff) (1)","lda=712, imag(ewfd.neff) (1)","lda=712.2, imag(ewfd.neff) (1)","lda=712.4, imag(ewfd.neff) (1)","lda=712.6, imag(ewfd.neff) (1)","lda=712.8, imag(ewfd.neff) (1)","lda=713, imag(ewfd.neff) (1)","lda=713.2, imag(ewfd.neff) (1)","lda=713.4, imag(ewfd.neff) (1)","lda=713.6, imag(ewfd.neff) (1)","lda=713.8, imag(ewfd.neff) (1)","lda=714, imag(ewfd.neff) (1)","lda=714.2, imag(ewfd.neff) (1)","lda=714.4, imag(ewfd.neff) (1)","lda=714.6, imag(ewfd.neff) (1)","lda=714.8, imag(ewfd.neff) (1)","lda=715, imag(ewfd.neff) (1)","lda=715.2, imag(ewfd.neff) (1)","lda=715.4, imag(ewfd.neff) (1)","lda=715.6, imag(ewfd.neff) (1)","lda=715.8, imag(ewfd.neff) (1)","lda=716, imag(ewfd.neff) (1)","lda=716.2, imag(ewfd.neff) (1)","lda=716.4, imag(ewfd.neff) (1)","lda=716.6, imag(ewfd.neff) (1)","lda=716.8, imag(ewfd.neff) (1)","lda=717, imag(ewfd.neff) (1)","lda=717.2, imag(ewfd.neff) (1)","lda=717.4, imag(ewfd.neff) (1)","lda=717.6, imag(ewfd.neff) (1)","lda=717.8, imag(ewfd.neff) (1)","lda=718, imag(ewfd.neff) (1)","lda=718.2, imag(ewfd.neff) (1)","lda=718.4, imag(ewfd.neff) (1)","lda=718.6, imag(ewfd.neff) (1)","lda=718.8, imag(ewfd.neff) (1)","lda=719, imag(ewfd.neff) (1)","lda=719.2, imag(ewfd.neff) (1)","lda=719.4, imag(ewfd.neff) (1)","lda=719.6, imag(ewfd.neff) (1)","lda=719.8, imag(ewfd.neff) (1)","lda=720, imag(ewfd.neff) (1)","lda=720.2, imag(ewfd.neff) (1)","lda=720.4, imag(ewfd.neff) (1)","lda=720.6, imag(ewfd.neff) (1)","lda=720.8, imag(ewfd.neff) (1)","lda=721, imag(ewfd.neff) (1)","lda=721.2, imag(ewfd.neff) (1)","lda=721.4, imag(ewfd.neff) (1)","lda=721.6, imag(ewfd.neff) (1)","lda=721.8, imag(ewfd.neff) (1)","lda=722, imag(ewfd.neff) (1)","lda=722.2, imag(ewfd.neff) (1)","lda=722.4, imag(ewfd.neff) (1)","lda=722.6, imag(ewfd.neff) (1)","lda=722.8, imag(ewfd.neff) (1)","lda=723, imag(ewfd.neff) (1)","lda=723.2, imag(ewfd.neff) (1)","lda=723.4, imag(ewfd.neff) (1)","lda=723.6, imag(ewfd.neff) (1)","lda=723.8, imag(ewfd.neff) (1)","lda=724, imag(ewfd.neff) (1)","lda=724.2, imag(ewfd.neff) (1)","lda=724.4, imag(ewfd.neff) (1)","lda=724.6, imag(ewfd.neff) (1)","lda=724.8, imag(ewfd.neff) (1)","lda=725, imag(ewfd.neff) (1)","lda=725.2, imag(ewfd.neff) (1)","lda=725.4, imag(ewfd.neff) (1)","lda=725.6, imag(ewfd.neff) (1)","lda=725.8, imag(ewfd.neff) (1)","lda=726, imag(ewfd.neff) (1)","lda=726.2, imag(ewfd.neff) (1)","lda=726.4, imag(ewfd.neff) (1)","lda=726.6, imag(ewfd.neff) (1)","lda=726.8, imag(ewfd.neff) (1)","lda=727, imag(ewfd.neff) (1)","lda=727.2, imag(ewfd.neff) (1)","lda=727.4, imag(ewfd.neff) (1)","lda=727.6, imag(ewfd.neff) (1)","lda=727.8, imag(ewfd.neff) (1)","lda=728, imag(ewfd.neff) (1)","lda=728.2, imag(ewfd.neff) (1)","lda=728.4, imag(ewfd.neff) (1)","lda=728.6, imag(ewfd.neff) (1)","lda=728.8, imag(ewfd.neff) (1)","lda=729, imag(ewfd.neff) (1)","lda=729.2, imag(ewfd.neff) (1)","lda=729.4, imag(ewfd.neff) (1)","lda=729.6, imag(ewfd.neff) (1)","lda=729.8, imag(ewfd.neff) (1)","lda=730, imag(ewfd.neff) (1)","lda=731, imag(ewfd.neff) (1)","lda=732, imag(ewfd.neff) (1)","lda=733, imag(ewfd.neff) (1)","lda=734, imag(ewfd.neff) (1)","lda=735, imag(ewfd.neff) (1)","lda=736, imag(ewfd.neff) (1)","lda=737, imag(ewfd.neff) (1)","lda=738, imag(ewfd.neff) (1)","lda=739, imag(ewfd.neff) (1)","lda=740, imag(ewfd.neff) (1)","lda=741, imag(ewfd.neff) (1)","lda=742, imag(ewfd.neff) (1)","lda=743, imag(ewfd.neff) (1)","lda=744, imag(ewfd.neff) (1)","lda=745, imag(ewfd.neff) (1)","lda=746, imag(ewfd.neff) (1)","lda=747, imag(ewfd.neff) (1)","lda=748, imag(ewfd.neff) (1)","lda=749, imag(ewfd.neff) (1)","lda=750, imag(ewfd.neff) (1)","lda=751, imag(ewfd.neff) (1)","lda=752, imag(ewfd.neff) (1)","lda=753, imag(ewfd.neff) (1)","lda=754, imag(ewfd.neff) (1)","lda=755, imag(ewfd.neff) (1)","lda=756, imag(ewfd.neff) (1)","lda=757, imag(ewfd.neff) (1)","lda=758, imag(ewfd.neff) (1)","lda=759, imag(ewfd.neff) (1)","lda=760, imag(ewfd.neff) (1)","lda=765, imag(ewfd.neff) (1)","lda=770, imag(ewfd.neff) (1)","lda=775, imag(ewfd.neff) (1)","lda=780, imag(ewfd.neff) (1)","lda=785, imag(ewfd.neff) (1)","lda=790, imag(ewfd.neff) (1)","lda=795, imag(ewfd.neff) (1)","lda=800, imag(ewfd.neff) (1)","lda=805, imag(ewfd.neff) (1)","lda=810, imag(ewfd.neff) (1)","lda=815, imag(ewfd.neff) (1)","lda=820, imag(ewfd.neff) (1)","lda=825, imag(ewfd.neff) (1)","lda=830, imag(ewfd.neff) (1)","lda=835, imag(ewfd.neff) (1)","lda=840, imag(ewfd.neff) (1)","lda=845, imag(ewfd.neff) (1)","lda=850, imag(ewfd.neff) (1)","lda=855, imag(ewfd.neff) (1)","lda=860, imag(ewfd.neff) (1)","lda=865, imag(ewfd.neff) (1)","lda=870, imag(ewfd.neff) (1)","lda=875, imag(ewfd.neff) (1)","lda=880, imag(ewfd.neff) (1)","lda=885, imag(ewfd.neff) (1)","lda=890, imag(ewfd.neff) (1)","lda=895, imag(ewfd.neff) (1)","lda=900, imag(ewfd.neff) (1)",,,,,,,,,,,,,,,,,,,,,,,,,,,,,,,,,,,,,,,,,,,
651,-3.55E-05,29.75,687,-1.03E-05,8.20,671,-3.98E-05,32.39,755,-3.24E-05,23.39,,,,,,,,,,,,,,,,,,,,,,,,,,,,,,,,,,,,-2.96E-05,-3.13E-05,-3.31E-05,-3.51E-05,-3.72E-05,-3.95E-05,-4.20E-05,-4.48E-05,-4.78E-05,-5.11E-05,-5.47E-05,-5.86E-05,-6.29E-05,-6.76E-05,-7.26E-05,-4.53E-07,-4.55E-07,-4.57E-07,-4.59E-07,-4.59E-07,-4.60E-07,-4.60E-07,-4.60E-07,-4.61E-07,-4.61E-07,-5.28E-05,-5.36E-05,-5.44E-05,-5.52E-05,-5.60E-05,-5.68E-05,-5.76E-05,-5.85E-05,-5.93E-05,-6.02E-05,-6.10E-05,-6.19E-05,-6.28E-05,-6.37E-05,-6.46E-05,-6.54E-05,-6.63E-05,-6.72E-05,-6.81E-05,-6.90E-05,-7.00E-05,-7.09E-05,-7.18E-05,-7.27E-05,-7.36E-05,-7.45E-05,-7.54E-05,-7.63E-05,-7.72E-05,-7.81E-05,-0.003084,-0.0030758,-0.0030677,-0.0030594,-0.0030511,-0.0030428,-0.0030344,-0.003026,-0.0030175,-0.003009,-0.0030005,-0.0029919,-0.0029833,-0.0029747,-0.002966,-0.0029573,-0.0029485,-0.0029398,-4.72E-07,-4.72E-07,-4.72E-07,-4.73E-07,-4.73E-07,-4.73E-07,-4.74E-07,-4.74E-07,-4.75E-07,-4.75E-07,-4.75E-07,-4.76E-07,-4.76E-07,-4.77E-07,-4.77E-07,-4.78E-07,-4.78E-07,-4.79E-07,-4.79E-07,-4.80E-07,-4.80E-07,-4.81E-07,-0.0027152,-0.0027062,-2.20E-04,-2.20E-04,-2.19E-04,-2.18E-04,-2.18E-04,-2.17E-04,-2.16E-04,-2.15E-04,-2.13E-04,-2.12E-04,-2.11E-04,-2.10E-04,-2.08E-04,-2.07E-04,-2.05E-04,-2.04E-04,-2.02E-04,-2.01E-04,-1.99E-04,-1.97E-04,-1.96E-04,-1.94E-04,-1.85E-04,-1.76E-04,-1.68E-04,-1.59E-04,-1.51E-04,-1.43E-04,-1.35E-04,-4.96E-07,-4.96E-07,-4.98E-07,-4.99E-07,-1.05E-04,-9.97E-05,-9.50E-05,-9.06E-05,-8.65E-05,-8.26E-05,-7.90E-05,-7.57E-05,-7.26E-05,-6.97E-05,-6.70E-05,-6.44E-05,-6.21E-05,-5.99E-05,-5.79E-05,-5.61E-05,-5.44E-05,-5.29E-05,-5.14E-05,-4.49E-05,-3.97E-05,-3.56E-05,-3.26E-05,-3.05E-05,-2.86E-05,-2.68E-05,-2.51E-05,-2.39E-05,-2.32E-05,-2.28E-05,-2.24E-05,-2.16E-05,-2.07E-05,-2.00E-05,-1.96E-05,-1.95E-05,-1.98E-05,-2.01E-05,-2.00E-05,-1.94E-05,-1.87E-05,-1.83E-05,-1.81E-05,-1.83E-05,-1.87E-05,-1.97E-05,-2.08E-05,,,,,,,,,,,,,,,,,,,,,,,,,,,,,,,,,,,,,,,,,,,
651.2,-3.60E-05,30.18,688,-1.09E-05,8.63,671.2,-4.04E-05,32.87,756,-3.45E-05,24.90,,,,,,,,,,,,,,,,,,,,,,,,,,,,,,,,,,,,,,,,,,,,,,,,,,,,,,,,,,,,,,,,,,,,,,,,,,,,,,,,,,,,,,,,,,,,,,,,,,,,,,,,,,,,,,,,,,,,,,,,,,,,,,,,,,,,,,,,,,,,,,,,,,,,,,,,,,,,,,,,,,,,,,,,,,,,,,,,,,,,,,,,,,,,,,,,,,,,,,,,,,,,,,,,,,,,,,,,,,,,,,,,,,,,,,,,,,,,,,,,,,,,,,,,,,,,,,,
651.4,-3.65E-05,30.60,689,-1.15E-05,9.10,671.4,-4.10E-05,33.35,757,-3.67E-05,26.49,,,,,,,,,,,,,,,,,,,,,,,,,,,,,,,,,,,,,,,,,,,,,,,,,,,,,,,,,,,,,,,,,,,,,,,,,,,,,,,,,,,,,,,,,,,,,,,,,,,,,,,,,,,,,,,,,,,,,,,,,,,,,,,,,,,,,,,,,,,,,,,,,,,,,,,,,,,,,,,,,,,,,,,,,,,,,,,,,,,,,,,,,,,,,,,,,,,,,,,,,,,,,,,,,,,,,,,,,,,,,,,,,,,,,,,,,,,,,,,,,,,,,,,,,,,,,,,
651.6,-3.71E-05,31.04,690,-1.21E-05,9.61,671.6,-4.16E-05,33.84,758,-3.92E-05,28.22,,,,,,,,,,,,,,,,,,,,,,,,,,,,,,,,,,,,,,,,,,,,,,,,,,,,,,,,,,,,,,,,,,,,,,,,,,,,,,,,,,,,,,,,,,,,,,,,,,,,,,,,,,,,,,,,,,,,,,,,,,,,,,,,,,,,,,,,,,,,,,,,,,,,,,,,,,,,,,,,,,,,,,,,,,,,,,,,,,,,,,,,,,,,,,,,,,,,,,,,,,,,,,,,,,,,,,,,,,,,,,,,,,,,,,,,,,,,,,,,,,,,,,,,,,,,,,,
651.8,-3.76E-05,31.47,691,-1.29E-05,10.15,671.8,-4.23E-05,34.33,759,-4.18E-05,30.07,,,,,,,,,,,,,,,,,,,,,,,,,,,,,,,,,,,,,,,,,,,,,,,,,,,,,,,,,,,,,,,,,,,,,,,,,,,,,,,,,,,,,,,,,,,,,,,,,,,,,,,,,,,,,,,,,,,,,,,,,,,,,,,,,,,,,,,,,,,,,,,,,,,,,,,,,,,,,,,,,,,,,,,,,,,,,,,,,,,,,,,,,,,,,,,,,,,,,,,,,,,,,,,,,,,,,,,,,,,,,,,,,,,,,,,,,,,,,,,,,,,,,,,,,,,,,,,
652,-3.81E-05,31.92,692,-1.36E-05,10.74,672,-4.29E-05,34.83,760,-4.46E-05,32.06,,,,,,,,,,,,,,,,,,,,,,,,,,,,,,,,,,,,,,,,,,,,,,,,,,,,,,,,,,,,,,,,,,,,,,,,,,,,,,,,,,,,,,,,,,,,,,,,,,,,,,,,,,,,,,,,,,,,,,,,,,,,,,,,,,,,,,,,,,,,,,,,,,,,,,,,,,,,,,,,,,,,,,,,,,,,,,,,,,,,,,,,,,,,,,,,,,,,,,,,,,,,,,,,,,,,,,,,,,,,,,,,,,,,,,,,,,,,,,,,,,,,,,,,,,,,,,,
652.2,-3.87E-05,32.36,693,-1.45E-05,11.38,672.2,-4.35E-05,35.33,761,-4.77E-05,34.20,,,,,,,,,,,,,,,,,,,,,,,,,,,,,,,,,,,,,,,,,,,,,,,,,,,,,,,,,,,,,,,,,,,,,,,,,,,,,,,,,,,,,,,,,,,,,,,,,,,,,,,,,,,,,,,,,,,,,,,,,,,,,,,,,,,,,,,,,,,,,,,,,,,,,,,,,,,,,,,,,,,,,,,,,,,,,,,,,,,,,,,,,,,,,,,,,,,,,,,,,,,,,,,,,,,,,,,,,,,,,,,,,,,,,,,,,,,,,,,,,,,,,,,,,,,,,,,
652.4,-3.92E-05,32.81,694,-1.54E-05,12.07,672.4,-4.41E-05,35.83,762,-5.10E-05,36.50,,,,,,,,,,,,,,,,,,,,,,,,,,,,,,,,,,,,,,,,,,,,,,,,,,,,,,,,,,,,,,,,,,,,,,,,,,,,,,,,,,,,,,,,,,,,,,,,,,,,,,,,,,,,,,,,,,,,,,,,,,,,,,,,,,,,,,,,,,,,,,,,,,,,,,,,,,,,,,,,,,,,,,,,,,,,,,,,,,,,,,,,,,,,,,,,,,,,,,,,,,,,,,,,,,,,,,,,,,,,,,,,,,,,,,,,,,,,,,,,,,,,,,,,,,,,,,,
652.6,-3.98E-05,33.26,695,-1.63E-05,12.83,672.6,-4.48E-05,36.34,763,-5.45E-05,38.97,,,,,,,,,,,,,,,,,,,,,,,,,,,,,,,,,,,,,,,,,,,,,,,,,,,,,,,,,,,,,,,,,,,,,,,,,,,,,,,,,,,,,,,,,,,,,,,,,,,,,,,,,,,,,,,,,,,,,,,,,,,,,,,,,,,,,,,,,,,,,,,,,,,,,,,,,,,,,,,,,,,,,,,,,,,,,,,,,,,,,,,,,,,,,,,,,,,,,,,,,,,,,,,,,,,,,,,,,,,,,,,,,,,,,,,,,,,,,,,,,,,,,,,,,,,,,,,
652.8,-4.03E-05,33.71,696,-1.74E-05,13.65,672.8,-4.54E-05,36.86,764,-5.82E-05,41.61,,,,,,,,,,,,,,,,,,,,,,,,,,,,,,,,,,,,,,,,,,,,,,,,,,,,,,,,,,,,,,,,,,,,,,,,,,,,,,,,,,,,,,,,,,,,,,,,,,,,,,,,,,,,,,,,,,,,,,,,,,,,,,,,,,,,,,,,,,,,,,,,,,,,,,,,,,,,,,,,,,,,,,,,,,,,,,,,,,,,,,,,,,,,,,,,,,,,,,,,,,,,,,,,,,,,,,,,,,,,,,,,,,,,,,,,,,,,,,,,,,,,,,,,,,,,,,,
653,-4.09E-05,34.17,697,-1.86E-05,14.54,673,-4.61E-05,37.37,765,-6.23E-05,44.43,,,,,,,,,,,,,,,,,,,,,,,,,,,,,,,,,,,,,,,,,,,,,,,,,,,,,,,,,,,,,,,,,,,,,,,,,,,,,,,,,,,,,,,,,,,,,,,,,,,,,,,,,,,,,,,,,,,,,,,,,,,,,,,,,,,,,,,,,,,,,,,,,,,,,,,,,,,,,,,,,,,,,,,,,,,,,,,,,,,,,,,,,,,,,,,,,,,,,,,,,,,,,,,,,,,,,,,,,,,,,,,,,,,,,,,,,,,,,,,,,,,,,,,,,,,,,,,
653.2,-4.14E-05,34.63,698,-1.98E-05,15.51,673.2,-4.67E-05,37.89,766,-6.66E-05,47.43,,,,,,,,,,,,,,,,,,,,,,,,,,,,,,,,,,,,,,,,,,,,,,,,,,,,,,,,,,,,,,,,,,,,,,,,,,,,,,,,,,,,,,,,,,,,,,,,,,,,,,,,,,,,,,,,,,,,,,,,,,,,,,,,,,,,,,,,,,,,,,,,,,,,,,,,,,,,,,,,,,,,,,,,,,,,,,,,,,,,,,,,,,,,,,,,,,,,,,,,,,,,,,,,,,,,,,,,,,,,,,,,,,,,,,,,,,,,,,,,,,,,,,,,,,,,,,,
653.4,-4.20E-05,35.09,699,-2.12E-05,16.57,673.4,-4.74E-05,38.42,767,-7.11E-05,50.60,,,,,,,,,,,,,,,,,,,,,,,,,,,,,,,,,,,,,,,,,,,,,,,,,,,,,,,,,,,,,,,,,,,,,,,,,,,,,,,,,,,,,,,,,,,,,,,,,,,,,,,,,,,,,,,,,,,,,,,,,,,,,,,,,,,,,,,,,,,,,,,,,,,,,,,,,,,,,,,,,,,,,,,,,,,,,,,,,,,,,,,,,,,,,,,,,,,,,,,,,,,,,,,,,,,,,,,,,,,,,,,,,,,,,,,,,,,,,,,,,,,,,,,,,,,,,,,
653.6,-4.26E-05,35.55,700,-2.27E-05,17.73,673.6,-4.81E-05,38.94,768,-7.59E-05,53.95,,,,,,,,,,,,,,,,,,,,,,,,,,,,,,,,,,,,,,,,,,,,,,,,,,,,,,,,,,,,,,,,,,,,,,,,,,,,,,,,,,,,,,,,,,,,,,,,,,,,,,,,,,,,,,,,,,,,,,,,,,,,,,,,,,,,,,,,,,,,,,,,,,,,,,,,,,,,,,,,,,,,,,,,,,,,,,,,,,,,,,,,,,,,,,,,,,,,,,,,,,,,,,,,,,,,,,,,,,,,,,,,,,,,,,,,,,,,,,,,,,,,,,,,,,,,,,,
653.8,-4.31E-05,36.01,701,-2.44E-05,19.00,673.8,-4.87E-05,39.47,769,-8.10E-05,57.46,,,,,,,,,,,,,,,,,,,,,,,,,,,,,,,,,,,,,,,,,,,,,,,,,,,,,,,,,,,,,,,,,,,,,,,,,,,,,,,,,,,,,,,,,,,,,,,,,,,,,,,,,,,,,,,,,,,,,,,,,,,,,,,,,,,,,,,,,,,,,,,,,,,,,,,,,,,,,,,,,,,,,,,,,,,,,,,,,,,,,,,,,,,,,,,,,,,,,,,,,,,,,,,,,,,,,,,,,,,,,,,,,,,,,,,,,,,,,,,,,,,,,,,,,,,,,,,
654,-4.37E-05,36.47,702,-2.62E-05,20.38,674,-4.94E-05,40.00,770,-8.62E-05,61.10,,,,,,,,,,,,,,,,,,,,,,,,,,,,,,,,,,,,,,,,,,,,,,,,,,,,,,,,,,,,,,,,,,,,,,,,,,,,,,,,,,,,,,,,,,,,,,,,,,,,,,,,,,,,,,,,,,,,,,,,,,,,,,,,,,,,,,,,,,,,,,,,,,,,,,,,,,,,,,,,,,,,,,,,,,,,,,,,,,,,,,,,,,,,,,,,,,,,,,,,,,,,,,,,,,,,,,,,,,,,,,,,,,,,,,,,,,,,,,,,,,,,,,,,,,,,,,,
654.2,-4.43E-05,36.93,703,-2.82E-05,21.90,674.2,-5.01E-05,40.54,770.2,-8.73E-05,61.84,,,,,,,,,,,,,,,,,,,,,,,,,,,,,,,,,,,,,,,,,,,,,,,,,,,,,,,,,,,,,,,,,,,,,,,,,,,,,,,,,,,,,,,,,,,,,,,,,,,,,,,,,,,,,,,,,,,,,,,,,,,,,,,,,,,,,,,,,,,,,,,,,,,,,,,,,,,,,,,,,,,,,,,,,,,,,,,,,,,,,,,,,,,,,,,,,,,,,,,,,,,,,,,,,,,,,,,,,,,,,,,,,,,,,,,,,,,,,,,,,,,,,,,,,,,,,,,
654.4,-4.48E-05,37.39,704,-3.04E-05,23.57,674.4,-5.08E-05,41.07,770.4,-8.83E-05,62.59,,,,,,,,,,,,,,,,,,,,,,,,,,,,,,,,,,,,,,,,,,,,,,,,,,,,,,,,,,,,,,,,,,,,,,,,,,,,,,,,,,,,,,,,,,,,,,,,,,,,,,,,,,,,,,,,,,,,,,,,,,,,,,,,,,,,,,,,,,,,,,,,,,,,,,,,,,,,,,,,,,,,,,,,,,,,,,,,,,,,,,,,,,,,,,,,,,,,,,,,,,,,,,,,,,,,,,,,,,,,,,,,,,,,,,,,,,,,,,,,,,,,,,,,,,,,,,,
654.6,-4.54E-05,37.85,705,-3.27E-05,25.35,674.6,-5.14E-05,41.61,770.6,-8.94E-05,63.34,,,,,,,,,,,,,,,,,,,,,,,,,,,,,,,,,,,,,,,,,,,,,,,,,,,,,,,,,,,,,,,,,,,,,,,,,,,,,,,,,,,,,,,,,,,,,,,,,,,,,,,,,,,,,,,,,,,,,,,,,,,,,,,,,,,,,,,,,,,,,,,,,,,,,,,,,,,,,,,,,,,,,,,,,,,,,,,,,,,,,,,,,,,,,,,,,,,,,,,,,,,,,,,,,,,,,,,,,,,,,,,,,,,,,,,,,,,,,,,,,,,,,,,,,,,,,,,
654.8,-4.60E-05,38.31,706,-3.53E-05,27.26,674.8,-5.21E-05,42.14,770.8,-9.05E-05,64.09,,,,,,,,,,,,,,,,,,,,,,,,,,,,,,,,,,,,,,,,,,,,,,,,,,,,,,,,,,,,,,,,,,,,,,,,,,,,,,,,,,,,,,,,,,,,,,,,,,,,,,,,,,,,,,,,,,,,,,,,,,,,,,,,,,,,,,,,,,,,,,,,,,,,,,,,,,,,,,,,,,,,,,,,,,,,,,,,,,,,,,,,,,,,,,,,,,,,,,,,,,,,,,,,,,,,,,,,,,,,,,,,,,,,,,,,,,,,,,,,,,,,,,,,,,,,,,,
655,-4.65E-05,38.77,707,-3.80E-05,29.32,675,-5.28E-05,42.67,771,-9.16E-05,64.84,,,,,,,,,,,,,,,,,,,,,,,,,,,,,,,,,,,,,,,,,,,,,,,,,,,,,,,,,,,,,,,,,,,,,,,,,,,,,,,,,,,,,,,,,,,,,,,,,,,,,,,,,,,,,,,,,,,,,,,,,,,,,,,,,,,,,,,,,,,,,,,,,,,,,,,,,,,,,,,,,,,,,,,,,,,,,,,,,,,,,,,,,,,,,,,,,,,,,,,,,,,,,,,,,,,,,,,,,,,,,,,,,,,,,,,,,,,,,,,,,,,,,,,,,,,,,,,
655.2,-4.71E-05,39.22,708,-4.09E-05,31.56,675.2,-5.35E-05,43.21,771.2,-9.27E-05,65.60,,,,,,,,,,,,,,,,,,,,,,,,,,,,,,,,,,,,,,,,,,,,,,,,,,,,,,,,,,,,,,,,,,,,,,,,,,,,,,,,,,,,,,,,,,,,,,,,,,,,,,,,,,,,,,,,,,,,,,,,,,,,,,,,,,,,,,,,,,,,,,,,,,,,,,,,,,,,,,,,,,,,,,,,,,,,,,,,,,,,,,,,,,,,,,,,,,,,,,,,,,,,,,,,,,,,,,,,,,,,,,,,,,,,,,,,,,,,,,,,,,,,,,,,,,,,,,,
655.4,-4.76E-05,39.67,709,-4.41E-05,33.97,675.4,-5.41E-05,43.74,771.4,-9.38E-05,66.35,,,,,,,,,,,,,,,,,,,,,,,,,,,,,,,,,,,,,,,,,,,,,,,,,,,,,,,,,,,,,,,,,,,,,,,,,,,,,,,,,,,,,,,,,,,,,,,,,,,,,,,,,,,,,,,,,,,,,,,,,,,,,,,,,,,,,,,,,,,,,,,,,,,,,,,,,,,,,,,,,,,,,,,,,,,,,,,,,,,,,,,,,,,,,,,,,,,,,,,,,,,,,,,,,,,,,,,,,,,,,,,,,,,,,,,,,,,,,,,,,,,,,,,,,,,,,,,
655.6,-4.82E-05,40.12,710,-4.76E-05,36.57,675.6,-5.48E-05,44.27,771.6,-9.49E-05,67.11,,,,,,,,,,,,,,,,,,,,,,,,,,,,,,,,,,,,,,,,,,,,,,,,,,,,,,,,,,,,,,,,,,,,,,,,,,,,,,,,,,,,,,,,,,,,,,,,,,,,,,,,,,,,,,,,,,,,,,,,,,,,,,,,,,,,,,,,,,,,,,,,,,,,,,,,,,,,,,,,,,,,,,,,,,,,,,,,,,,,,,,,,,,,,,,,,,,,,,,,,,,,,,,,,,,,,,,,,,,,,,,,,,,,,,,,,,,,,,,,,,,,,,,,,,,,,,,
655.8,-4.87E-05,40.56,710.2,-4.83E-05,37.11,675.8,-5.55E-05,44.80,771.8,-9.60E-05,67.87,,,,,,,,,,,,,,,,,,,,,,,,,,,,,,,,,,,,,,,,,,,,,,,,,,,,,,,,,,,,,,,,,,,,,,,,,,,,,,,,,,,,,,,,,,,,,,,,,,,,,,,,,,,,,,,,,,,,,,,,,,,,,,,,,,,,,,,,,,,,,,,,,,,,,,,,,,,,,,,,,,,,,,,,,,,,,,,,,,,,,,,,,,,,,,,,,,,,,,,,,,,,,,,,,,,,,,,,,,,,,,,,,,,,,,,,,,,,,,,,,,,,,,,,,,,,,,,
656,-4.93E-05,41.00,710.4,-4.90E-05,37.66,676,-5.61E-05,45.32,772,-9.71E-05,68.63,,,,,,,,,,,,,,,,,,,,,,,,,,,,,,,,,,,,,,,,,,,,,,,,,,,,,,,,,,,,,,,,,,,,,,,,,,,,,,,,,,,,,,,,,,,,,,,,,,,,,,,,,,,,,,,,,,,,,,,,,,,,,,,,,,,,,,,,,,,,,,,,,,,,,,,,,,,,,,,,,,,,,,,,,,,,,,,,,,,,,,,,,,,,,,,,,,,,,,,,,,,,,,,,,,,,,,,,,,,,,,,,,,,,,,,,,,,,,,,,,,,,,,,,,,,,,,,
656.2,-4.98E-05,41.42,710.6,-4.98E-05,38.21,676.2,-5.68E-05,45.84,772.2,-9.82E-05,69.39,,,,,,,,,,,,,,,,,,,,,,,,,,,,,,,,,,,,,,,,,,,,,,,,,,,,,,,,,,,,,,,,,,,,,,,,,,,,,,,,,,,,,,,,,,,,,,,,,,,,,,,,,,,,,,,,,,,,,,,,,,,,,,,,,,,,,,,,,,,,,,,,,,,,,,,,,,,,,,,,,,,,,,,,,,,,,,,,,,,,,,,,,,,,,,,,,,,,,,,,,,,,,,,,,,,,,,,,,,,,,,,,,,,,,,,,,,,,,,,,,,,,,,,,,,,,,,,
656.4,-5.03E-05,41.85,710.8,-5.05E-05,38.77,676.4,-5.75E-05,46.36,772.4,-9.93E-05,70.15,,,,,,,,,,,,,,,,,,,,,,,,,,,,,,,,,,,,,,,,,,,,,,,,,,,,,,,,,,,,,,,,,,,,,,,,,,,,,,,,,,,,,,,,,,,,,,,,,,,,,,,,,,,,,,,,,,,,,,,,,,,,,,,,,,,,,,,,,,,,,,,,,,,,,,,,,,,,,,,,,,,,,,,,,,,,,,,,,,,,,,,,,,,,,,,,,,,,,,,,,,,,,,,,,,,,,,,,,,,,,,,,,,,,,,,,,,,,,,,,,,,,,,,,,,,,,,,
656.6,-5.08E-05,42.26,711,-5.13E-05,39.34,676.6,-5.81E-05,46.87,772.6,-1.00E-04,70.91,,,,,,,,,,,,,,,,,,,,,,,,,,,,,,,,,,,,,,,,,,,,,,,,,,,,,,,,,,,,,,,,,,,,,,,,,,,,,,,,,,,,,,,,,,,,,,,,,,,,,,,,,,,,,,,,,,,,,,,,,,,,,,,,,,,,,,,,,,,,,,,,,,,,,,,,,,,,,,,,,,,,,,,,,,,,,,,,,,,,,,,,,,,,,,,,,,,,,,,,,,,,,,,,,,,,,,,,,,,,,,,,,,,,,,,,,,,,,,,,,,,,,,,,,,,,,,,
656.8,-5.13E-05,42.66,711.2,-5.20E-05,39.92,676.8,-5.88E-05,47.38,772.8,-1.01E-04,71.67,,,,,,,,,,,,,,,,,,,,,,,,,,,,,,,,,,,,,,,,,,,,,,,,,,,,,,,,,,,,,,,,,,,,,,,,,,,,,,,,,,,,,,,,,,,,,,,,,,,,,,,,,,,,,,,,,,,,,,,,,,,,,,,,,,,,,,,,,,,,,,,,,,,,,,,,,,,,,,,,,,,,,,,,,,,,,,,,,,,,,,,,,,,,,,,,,,,,,,,,,,,,,,,,,,,,,,,,,,,,,,,,,,,,,,,,,,,,,,,,,,,,,,,,,,,,,,,
657,-5.18E-05,43.06,711.4,-5.28E-05,40.50,677,-5.94E-05,47.87,773,-1.03E-04,72.42,,,,,,,,,,,,,,,,,,,,,,,,,,,,,,,,,,,,,,,,,,,,,,,,,,,,,,,,,,,,,,,,,,,,,,,,,,,,,,,,,,,,,,,,,,,,,,,,,,,,,,,,,,,,,,,,,,,,,,,,,,,,,,,,,,,,,,,,,,,,,,,,,,,,,,,,,,,,,,,,,,,,,,,,,,,,,,,,,,,,,,,,,,,,,,,,,,,,,,,,,,,,,,,,,,,,,,,,,,,,,,,,,,,,,,,,,,,,,,,,,,,,,,,,,,,,,,,
657.2,-5.23E-05,43.44,711.6,-5.36E-05,41.09,677.2,-6.00E-05,48.37,773.2,-1.04E-04,73.16,,,,,,,,,,,,,,,,,,,,,,,,,,,,,,,,,,,,,,,,,,,,,,,,,,,,,,,,,,,,,,,,,,,,,,,,,,,,,,,,,,,,,,,,,,,,,,,,,,,,,,,,,,,,,,,,,,,,,,,,,,,,,,,,,,,,,,,,,,,,,,,,,,,,,,,,,,,,,,,,,,,,,,,,,,,,,,,,,,,,,,,,,,,,,,,,,,,,,,,,,,,,,,,,,,,,,,,,,,,,,,,,,,,,,,,,,,,,,,,,,,,,,,,,,,,,,,,
657.4,-5.28E-05,43.82,711.8,-5.44E-05,41.69,677.4,-6.06E-05,48.85,773.4,-1.05E-04,73.91,,,,,,,,,,,,,,,,,,,,,,,,,,,,,,,,,,,,,,,,,,,,,,,,,,,,,,,,,,,,,,,,,,,,,,,,,,,,,,,,,,,,,,,,,,,,,,,,,,,,,,,,,,,,,,,,,,,,,,,,,,,,,,,,,,,,,,,,,,,,,,,,,,,,,,,,,,,,,,,,,,,,,,,,,,,,,,,,,,,,,,,,,,,,,,,,,,,,,,,,,,,,,,,,,,,,,,,,,,,,,,,,,,,,,,,,,,,,,,,,,,,,,,,,,,,,,,,
657.6,-5.32E-05,44.18,712,-5.52E-05,42.30,677.6,-6.12E-05,49.32,773.6,-1.06E-04,74.65,,,,,,,,,,,,,,,,,,,,,,,,,,,,,,,,,,,,,,,,,,,,,,,,,,,,,,,,,,,,,,,,,,,,,,,,,,,,,,,,,,,,,,,,,,,,,,,,,,,,,,,,,,,,,,,,,,,,,,,,,,,,,,,,,,,,,,,,,,,,,,,,,,,,,,,,,,,,,,,,,,,,,,,,,,,,,,,,,,,,,,,,,,,,,,,,,,,,,,,,,,,,,,,,,,,,,,,,,,,,,,,,,,,,,,,,,,,,,,,,,,,,,,,,,,,,,,,
657.8,-5.37E-05,44.52,712.2,-5.60E-05,42.91,677.8,-6.18E-05,49.79,773.8,-1.07E-04,75.38,,,,,,,,,,,,,,,,,,,,,,,,,,,,,,,,,,,,,,,,,,,,,,,,,,,,,,,,,,,,,,,,,,,,,,,,,,,,,,,,,,,,,,,,,,,,,,,,,,,,,,,,,,,,,,,,,,,,,,,,,,,,,,,,,,,,,,,,,,,,,,,,,,,,,,,,,,,,,,,,,,,,,,,,,,,,,,,,,,,,,,,,,,,,,,,,,,,,,,,,,,,,,,,,,,,,,,,,,,,,,,,,,,,,,,,,,,,,,,,,,,,,,,,,,,,,,,,
658,-5.41E-05,44.86,712.4,-5.68E-05,43.52,678,-6.24E-05,50.24,774,-1.08E-04,76.11,,,,,,,,,,,,,,,,,,,,,,,,,,,,,,,,,,,,,,,,,,,,,,,,,,,,,,,,,,,,,,,,,,,,,,,,,,,,,,,,,,,,,,,,,,,,,,,,,,,,,,,,,,,,,,,,,,,,,,,,,,,,,,,,,,,,,,,,,,,,,,,,,,,,,,,,,,,,,,,,,,,,,,,,,,,,,,,,,,,,,,,,,,,,,,,,,,,,,,,,,,,,,,,,,,,,,,,,,,,,,,,,,,,,,,,,,,,,,,,,,,,,,,,,,,,,,,,
658.2,-5.45E-05,45.18,712.6,-5.76E-05,44.15,678.2,-6.30E-05,50.68,774.2,-1.09E-04,76.82,,,,,,,,,,,,,,,,,,,,,,,,,,,,,,,,,,,,,,,,,,,,,,,,,,,,,,,,,,,,,,,,,,,,,,,,,,,,,,,,,,,,,,,,,,,,,,,,,,,,,,,,,,,,,,,,,,,,,,,,,,,,,,,,,,,,,,,,,,,,,,,,,,,,,,,,,,,,,,,,,,,,,,,,,,,,,,,,,,,,,,,,,,,,,,,,,,,,,,,,,,,,,,,,,,,,,,,,,,,,,,,,,,,,,,,,,,,,,,,,,,,,,,,,,,,,,,,
658.4,-5.49E-05,45.48,712.8,-5.85E-05,44.78,678.4,-6.35E-05,51.11,774.4,-1.10E-04,77.54,,,,,,,,,,,,,,,,,,,,,,,,,,,,,,,,,,,,,,,,,,,,,,,,,,,,,,,,,,,,,,,,,,,,,,,,,,,,,,,,,,,,,,,,,,,,,,,,,,,,,,,,,,,,,,,,,,,,,,,,,,,,,,,,,,,,,,,,,,,,,,,,,,,,,,,,,,,,,,,,,,,,,,,,,,,,,,,,,,,,,,,,,,,,,,,,,,,,,,,,,,,,,,,,,,,,,,,,,,,,,,,,,,,,,,,,,,,,,,,,,,,,,,,,,,,,,,,
658.6,-5.52E-05,45.77,713,-5.93E-05,45.41,678.6,-6.41E-05,51.53,774.6,-1.11E-04,78.24,,,,,,,,,,,,,,,,,,,,,,,,,,,,,,,,,,,,,,,,,,,,,,,,,,,,,,,,,,,,,,,,,,,,,,,,,,,,,,,,,,,,,,,,,,,,,,,,,,,,,,,,,,,,,,,,,,,,,,,,,,,,,,,,,,,,,,,,,,,,,,,,,,,,,,,,,,,,,,,,,,,,,,,,,,,,,,,,,,,,,,,,,,,,,,,,,,,,,,,,,,,,,,,,,,,,,,,,,,,,,,,,,,,,,,,,,,,,,,,,,,,,,,,,,,,,,,,
658.8,-5.56E-05,46.04,713.2,-6.02E-05,46.05,678.8,-6.46E-05,51.93,774.8,-1.12E-04,78.93,,,,,,,,,,,,,,,,,,,,,,,,,,,,,,,,,,,,,,,,,,,,,,,,,,,,,,,,,,,,,,,,,,,,,,,,,,,,,,,,,,,,,,,,,,,,,,,,,,,,,,,,,,,,,,,,,,,,,,,,,,,,,,,,,,,,,,,,,,,,,,,,,,,,,,,,,,,,,,,,,,,,,,,,,,,,,,,,,,,,,,,,,,,,,,,,,,,,,,,,,,,,,,,,,,,,,,,,,,,,,,,,,,,,,,,,,,,,,,,,,,,,,,,,,,,,,,,
659,-5.59E-05,46.29,713.4,-6.10E-05,46.70,679,-6.51E-05,52.32,775,-1.13E-04,79.61,,,,,,,,,,,,,,,,,,,,,,,,,,,,,,,,,,,,,,,,,,,,,,,,,,,,,,,,,,,,,,,,,,,,,,,,,,,,,,,,,,,,,,,,,,,,,,,,,,,,,,,,,,,,,,,,,,,,,,,,,,,,,,,,,,,,,,,,,,,,,,,,,,,,,,,,,,,,,,,,,,,,,,,,,,,,,,,,,,,,,,,,,,,,,,,,,,,,,,,,,,,,,,,,,,,,,,,,,,,,,,,,,,,,,,,,,,,,,,,,,,,,,,,,,,,,,,,
659.2,-5.62E-05,46.53,713.6,-6.19E-05,47.35,679.2,-6.56E-05,52.69,775.2,-1.14E-04,80.28,,,,,,,,,,,,,,,,,,,,,,,,,,,,,,,,,,,,,,,,,,,,,,,,,,,,,,,,,,,,,,,,,,,,,,,,,,,,,,,,,,,,,,,,,,,,,,,,,,,,,,,,,,,,,,,,,,,,,,,,,,,,,,,,,,,,,,,,,,,,,,,,,,,,,,,,,,,,,,,,,,,,,,,,,,,,,,,,,,,,,,,,,,,,,,,,,,,,,,,,,,,,,,,,,,,,,,,,,,,,,,,,,,,,,,,,,,,,,,,,,,,,,,,,,,,,,,,
659.4,-5.65E-05,46.74,713.8,-6.28E-05,48.00,679.4,-6.60E-05,53.05,775.4,-1.15E-04,80.93,,,,,,,,,,,,,,,,,,,,,,,,,,,,,,,,,,,,,,,,,,,,,,,,,,,,,,,,,,,,,,,,,,,,,,,,,,,,,,,,,,,,,,,,,,,,,,,,,,,,,,,,,,,,,,,,,,,,,,,,,,,,,,,,,,,,,,,,,,,,,,,,,,,,,,,,,,,,,,,,,,,,,,,,,,,,,,,,,,,,,,,,,,,,,,,,,,,,,,,,,,,,,,,,,,,,,,,,,,,,,,,,,,,,,,,,,,,,,,,,,,,,,,,,,,,,,,,
659.6,-5.67E-05,46.89,714,-6.37E-05,48.66,679.6,-6.65E-05,53.39,775.6,-1.16E-04,81.58,,,,,,,,,,,,,,,,,,,,,,,,,,,,,,,,,,,,,,,,,,,,,,,,,,,,,,,,,,,,,,,,,,,,,,,,,,,,,,,,,,,,,,,,,,,,,,,,,,,,,,,,,,,,,,,,,,,,,,,,,,,,,,,,,,,,,,,,,,,,,,,,,,,,,,,,,,,,,,,,,,,,,,,,,,,,,,,,,,,,,,,,,,,,,,,,,,,,,,,,,,,,,,,,,,,,,,,,,,,,,,,,,,,,,,,,,,,,,,,,,,,,,,,,,,,,,,,
659.8,-5.68E-05,46.97,714.2,-6.46E-05,49.33,679.8,-6.69E-05,53.71,775.8,-1.17E-04,82.21,,,,,,,,,,,,,,,,,,,,,,,,,,,,,,,,,,,,,,,,,,,,,,,,,,,,,,,,,,,,,,,,,,,,,,,,,,,,,,,,,,,,,,,,,,,,,,,,,,,,,,,,,,,,,,,,,,,,,,,,,,,,,,,,,,,,,,,,,,,,,,,,,,,,,,,,,,,,,,,,,,,,,,,,,,,,,,,,,,,,,,,,,,,,,,,,,,,,,,,,,,,,,,,,,,,,,,,,,,,,,,,,,,,,,,,,,,,,,,,,,,,,,,,,,,,,,,,
660,-5.69E-05,47.04,714.4,-6.54E-05,49.99,680,-6.73E-05,54.01,776,-1.18E-04,82.82,,,,,,,,,,,,,,,,,,,,,,,,,,,,,,,,,,,,,,,,,,,,,,,,,,,,,,,,,,,,,,,,,,,,,,,,,,,,,,,,,,,,,,,,,,,,,,,,,,,,,,,,,,,,,,,,,,,,,,,,,,,,,,,,,,,,,,,,,,,,,,,,,,,,,,,,,,,,,,,,,,,,,,,,,,,,,,,,,,,,,,,,,,,,,,,,,,,,,,,,,,,,,,,,,,,,,,,,,,,,,,,,,,,,,,,,,,,,,,,,,,,,,,,,,,,,,,,
660.2,-5.70E-05,47.09,714.6,-6.63E-05,50.66,680.2,-6.77E-05,54.30,776.2,-1.19E-04,83.42,,,,,,,,,,,,,,,,,,,,,,,,,,,,,,,,,,,,,,,,,,,,,,,,,,,,,,,,,,,,,,,,,,,,,,,,,,,,,,,,,,,,,,,,,,,,,,,,,,,,,,,,,,,,,,,,,,,,,,,,,,,,,,,,,,,,,,,,,,,,,,,,,,,,,,,,,,,,,,,,,,,,,,,,,,,,,,,,,,,,,,,,,,,,,,,,,,,,,,,,,,,,,,,,,,,,,,,,,,,,,,,,,,,,,,,,,,,,,,,,,,,,,,,,,,,,,,,
660.4,-5.70E-05,47.12,714.8,-6.72E-05,51.34,680.4,-6.80E-05,54.56,776.4,-1.19E-04,83.99,,,,,,,,,,,,,,,,,,,,,,,,,,,,,,,,,,,,,,,,,,,,,,,,,,,,,,,,,,,,,,,,,,,,,,,,,,,,,,,,,,,,,,,,,,,,,,,,,,,,,,,,,,,,,,,,,,,,,,,,,,,,,,,,,,,,,,,,,,,,,,,,,,,,,,,,,,,,,,,,,,,,,,,,,,,,,,,,,,,,,,,,,,,,,,,,,,,,,,,,,,,,,,,,,,,,,,,,,,,,,,,,,,,,,,,,,,,,,,,,,,,,,,,,,,,,,,,
660.6,-5.71E-05,47.13,715,-6.81E-05,52.01,680.6,-6.83E-05,54.80,776.6,-1.20E-04,84.56,,,,,,,,,,,,,,,,,,,,,,,,,,,,,,,,,,,,,,,,,,,,,,,,,,,,,,,,,,,,,,,,,,,,,,,,,,,,,,,,,,,,,,,,,,,,,,,,,,,,,,,,,,,,,,,,,,,,,,,,,,,,,,,,,,,,,,,,,,,,,,,,,,,,,,,,,,,,,,,,,,,,,,,,,,,,,,,,,,,,,,,,,,,,,,,,,,,,,,,,,,,,,,,,,,,,,,,,,,,,,,,,,,,,,,,,,,,,,,,,,,,,,,,,,,,,,,,
660.8,-5.71E-05,47.13,715.2,-6.90E-05,52.69,680.8,-6.86E-05,55.03,776.8,-1.21E-04,85.10,,,,,,,,,,,,,,,,,,,,,,,,,,,,,,,,,,,,,,,,,,,,,,,,,,,,,,,,,,,,,,,,,,,,,,,,,,,,,,,,,,,,,,,,,,,,,,,,,,,,,,,,,,,,,,,,,,,,,,,,,,,,,,,,,,,,,,,,,,,,,,,,,,,,,,,,,,,,,,,,,,,,,,,,,,,,,,,,,,,,,,,,,,,,,,,,,,,,,,,,,,,,,,,,,,,,,,,,,,,,,,,,,,,,,,,,,,,,,,,,,,,,,,,,,,,,,,,
661,-5.71E-05,47.11,715.4,-7.00E-05,53.37,681,-6.89E-05,55.23,777,-1.22E-04,85.61,,,,,,,,,,,,,,,,,,,,,,,,,,,,,,,,,,,,,,,,,,,,,,,,,,,,,,,,,,,,,,,,,,,,,,,,,,,,,,,,,,,,,,,,,,,,,,,,,,,,,,,,,,,,,,,,,,,,,,,,,,,,,,,,,,,,,,,,,,,,,,,,,,,,,,,,,,,,,,,,,,,,,,,,,,,,,,,,,,,,,,,,,,,,,,,,,,,,,,,,,,,,,,,,,,,,,,,,,,,,,,,,,,,,,,,,,,,,,,,,,,,,,,,,,,,,,,,
661.2,-5.70E-05,47.07,715.6,-7.09E-05,54.05,681.2,-6.92E-05,55.41,777.2,-1.23E-04,86.11,,,,,,,,,,,,,,,,,,,,,,,,,,,,,,,,,,,,,,,,,,,,,,,,,,,,,,,,,,,,,,,,,,,,,,,,,,,,,,,,,,,,,,,,,,,,,,,,,,,,,,,,,,,,,,,,,,,,,,,,,,,,,,,,,,,,,,,,,,,,,,,,,,,,,,,,,,,,,,,,,,,,,,,,,,,,,,,,,,,,,,,,,,,,,,,,,,,,,,,,,,,,,,,,,,,,,,,,,,,,,,,,,,,,,,,,,,,,,,,,,,,,,,,,,,,,,,,
661.4,-5.70E-05,47.01,715.8,-7.18E-05,54.73,681.4,-6.94E-05,55.57,777.4,-1.23E-04,86.59,,,,,,,,,,,,,,,,,,,,,,,,,,,,,,,,,,,,,,,,,,,,,,,,,,,,,,,,,,,,,,,,,,,,,,,,,,,,,,,,,,,,,,,,,,,,,,,,,,,,,,,,,,,,,,,,,,,,,,,,,,,,,,,,,,,,,,,,,,,,,,,,,,,,,,,,,,,,,,,,,,,,,,,,,,,,,,,,,,,,,,,,,,,,,,,,,,,,,,,,,,,,,,,,,,,,,,,,,,,,,,,,,,,,,,,,,,,,,,,,,,,,,,,,,,,,,,,
661.6,-5.69E-05,46.94,716,-7.27E-05,55.40,681.6,-6.96E-05,55.71,777.6,-1.24E-04,87.04,,,,,,,,,,,,,,,,,,,,,,,,,,,,,,,,,,,,,,,,,,,,,,,,,,,,,,,,,,,,,,,,,,,,,,,,,,,,,,,,,,,,,,,,,,,,,,,,,,,,,,,,,,,,,,,,,,,,,,,,,,,,,,,,,,,,,,,,,,,,,,,,,,,,,,,,,,,,,,,,,,,,,,,,,,,,,,,,,,,,,,,,,,,,,,,,,,,,,,,,,,,,,,,,,,,,,,,,,,,,,,,,,,,,,,,,,,,,,,,,,,,,,,,,,,,,,,,
661.8,-5.68E-05,46.85,716.2,-7.36E-05,56.08,681.8,-6.97E-05,55.82,777.8,-1.25E-04,87.47,,,,,,,,,,,,,,,,,,,,,,,,,,,,,,,,,,,,,,,,,,,,,,,,,,,,,,,,,,,,,,,,,,,,,,,,,,,,,,,,,,,,,,,,,,,,,,,,,,,,,,,,,,,,,,,,,,,,,,,,,,,,,,,,,,,,,,,,,,,,,,,,,,,,,,,,,,,,,,,,,,,,,,,,,,,,,,,,,,,,,,,,,,,,,,,,,,,,,,,,,,,,,,,,,,,,,,,,,,,,,,,,,,,,,,,,,,,,,,,,,,,,,,,,,,,,,,,
662,-5.67E-05,46.74,716.4,-7.45E-05,56.76,682,-6.99E-05,55.91,778,-1.25E-04,87.88,,,,,,,,,,,,,,,,,,,,,,,,,,,,,,,,,,,,,,,,,,,,,,,,,,,,,,,,,,,,,,,,,,,,,,,,,,,,,,,,,,,,,,,,,,,,,,,,,,,,,,,,,,,,,,,,,,,,,,,,,,,,,,,,,,,,,,,,,,,,,,,,,,,,,,,,,,,,,,,,,,,,,,,,,,,,,,,,,,,,,,,,,,,,,,,,,,,,,,,,,,,,,,,,,,,,,,,,,,,,,,,,,,,,,,,,,,,,,,,,,,,,,,,,,,,,,,,
662.2,-5.66E-05,46.62,716.6,-7.54E-05,57.43,682.2,-7.00E-05,55.98,778.2,-1.26E-04,88.25,,,,,,,,,,,,,,,,,,,,,,,,,,,,,,,,,,,,,,,,,,,,,,,,,,,,,,,,,,,,,,,,,,,,,,,,,,,,,,,,,,,,,,,,,,,,,,,,,,,,,,,,,,,,,,,,,,,,,,,,,,,,,,,,,,,,,,,,,,,,,,,,,,,,,,,,,,,,,,,,,,,,,,,,,,,,,,,,,,,,,,,,,,,,,,,,,,,,,,,,,,,,,,,,,,,,,,,,,,,,,,,,,,,,,,,,,,,,,,,,,,,,,,,,,,,,,,,
662.4,-5.64E-05,46.48,716.8,-7.63E-05,58.10,682.4,-7.01E-05,56.02,778.4,-1.26E-04,88.61,,,,,,,,,,,,,,,,,,,,,,,,,,,,,,,,,,,,,,,,,,,,,,,,,,,,,,,,,,,,,,,,,,,,,,,,,,,,,,,,,,,,,,,,,,,,,,,,,,,,,,,,,,,,,,,,,,,,,,,,,,,,,,,,,,,,,,,,,,,,,,,,,,,,,,,,,,,,,,,,,,,,,,,,,,,,,,,,,,,,,,,,,,,,,,,,,,,,,,,,,,,,,,,,,,,,,,,,,,,,,,,,,,,,,,,,,,,,,,,,,,,,,,,,,,,,,,,
662.6,-5.63E-05,46.33,717,-7.72E-05,58.77,682.6,-7.01E-05,56.05,778.6,-1.27E-04,88.94,,,,,,,,,,,,,,,,,,,,,,,,,,,,,,,,,,,,,,,,,,,,,,,,,,,,,,,,,,,,,,,,,,,,,,,,,,,,,,,,,,,,,,,,,,,,,,,,,,,,,,,,,,,,,,,,,,,,,,,,,,,,,,,,,,,,,,,,,,,,,,,,,,,,,,,,,,,,,,,,,,,,,,,,,,,,,,,,,,,,,,,,,,,,,,,,,,,,,,,,,,,,,,,,,,,,,,,,,,,,,,,,,,,,,,,,,,,,,,,,,,,,,,,,,,,,,,,
662.8,-5.61E-05,46.16,717.2,-7.81E-05,59.43,682.8,-7.01E-05,56.04,778.8,-1.27E-04,89.24,,,,,,,,,,,,,,,,,,,,,,,,,,,,,,,,,,,,,,,,,,,,,,,,,,,,,,,,,,,,,,,,,,,,,,,,,,,,,,,,,,,,,,,,,,,,,,,,,,,,,,,,,,,,,,,,,,,,,,,,,,,,,,,,,,,,,,,,,,,,,,,,,,,,,,,,,,,,,,,,,,,,,,,,,,,,,,,,,,,,,,,,,,,,,,,,,,,,,,,,,,,,,,,,,,,,,,,,,,,,,,,,,,,,,,,,,,,,,,,,,,,,,,,,,,,,,,,
663,-5.59E-05,45.98,717.4,-7.90E-05,60.08,683,-7.01E-05,56.02,779,-1.28E-04,89.51,,,,,,,,,,,,,,,,,,,,,,,,,,,,,,,,,,,,,,,,,,,,,,,,,,,,,,,,,,,,,,,,,,,,,,,,,,,,,,,,,,,,,,,,,,,,,,,,,,,,,,,,,,,,,,,,,,,,,,,,,,,,,,,,,,,,,,,,,,,,,,,,,,,,,,,,,,,,,,,,,,,,,,,,,,,,,,,,,,,,,,,,,,,,,,,,,,,,,,,,,,,,,,,,,,,,,,,,,,,,,,,,,,,,,,,,,,,,,,,,,,,,,,,,,,,,,,,
663.2,-5.56E-05,45.78,717.6,-7.98E-05,60.73,683.2,-7.01E-05,55.97,779.2,-1.28E-04,89.75,,,,,,,,,,,,,,,,,,,,,,,,,,,,,,,,,,,,,,,,,,,,,,,,,,,,,,,,,,,,,,,,,,,,,,,,,,,,,,,,,,,,,,,,,,,,,,,,,,,,,,,,,,,,,,,,,,,,,,,,,,,,,,,,,,,,,,,,,,,,,,,,,,,,,,,,,,,,,,,,,,,,,,,,,,,,,,,,,,,,,,,,,,,,,,,,,,,,,,,,,,,,,,,,,,,,,,,,,,,,,,,,,,,,,,,,,,,,,,,,,,,,,,,,,,,,,,,
663.4,-5.54E-05,45.57,717.8,-8.07E-05,61.37,683.4,-7.00E-05,55.91,779.4,-1.28E-04,89.96,,,,,,,,,,,,,,,,,,,,,,,,,,,,,,,,,,,,,,,,,,,,,,,,,,,,,,,,,,,,,,,,,,,,,,,,,,,,,,,,,,,,,,,,,,,,,,,,,,,,,,,,,,,,,,,,,,,,,,,,,,,,,,,,,,,,,,,,,,,,,,,,,,,,,,,,,,,,,,,,,,,,,,,,,,,,,,,,,,,,,,,,,,,,,,,,,,,,,,,,,,,,,,,,,,,,,,,,,,,,,,,,,,,,,,,,,,,,,,,,,,,,,,,,,,,,,,,
663.6,-5.51E-05,45.35,718,-8.16E-05,62.00,683.6,-6.99E-05,55.81,779.6,-1.29E-04,90.15,,,,,,,,,,,,,,,,,,,,,,,,,,,,,,,,,,,,,,,,,,,,,,,,,,,,,,,,,,,,,,,,,,,,,,,,,,,,,,,,,,,,,,,,,,,,,,,,,,,,,,,,,,,,,,,,,,,,,,,,,,,,,,,,,,,,,,,,,,,,,,,,,,,,,,,,,,,,,,,,,,,,,,,,,,,,,,,,,,,,,,,,,,,,,,,,,,,,,,,,,,,,,,,,,,,,,,,,,,,,,,,,,,,,,,,,,,,,,,,,,,,,,,,,,,,,,,,
663.8,-5.49E-05,45.12,718.2,-8.24E-05,62.62,683.8,-6.98E-05,55.70,779.8,-1.29E-04,90.30,,,,,,,,,,,,,,,,,,,,,,,,,,,,,,,,,,,,,,,,,,,,,,,,,,,,,,,,,,,,,,,,,,,,,,,,,,,,,,,,,,,,,,,,,,,,,,,,,,,,,,,,,,,,,,,,,,,,,,,,,,,,,,,,,,,,,,,,,,,,,,,,,,,,,,,,,,,,,,,,,,,,,,,,,,,,,,,,,,,,,,,,,,,,,,,,,,,,,,,,,,,,,,,,,,,,,,,,,,,,,,,,,,,,,,,,,,,,,,,,,,,,,,,,,,,,,,,
664,-5.46E-05,44.87,718.4,-8.32E-05,63.23,684,-6.96E-05,55.57,780,-1.29E-04,90.43,,,,,,,,,,,,,,,,,,,,,,,,,,,,,,,,,,,,,,,,,,,,,,,,,,,,,,,,,,,,,,,,,,,,,,,,,,,,,,,,,,,,,,,,,,,,,,,,,,,,,,,,,,,,,,,,,,,,,,,,,,,,,,,,,,,,,,,,,,,,,,,,,,,,,,,,,,,,,,,,,,,,,,,,,,,,,,,,,,,,,,,,,,,,,,,,,,,,,,,,,,,,,,,,,,,,,,,,,,,,,,,,,,,,,,,,,,,,,,,,,,,,,,,,,,,,,,,
664.2,-5.43E-05,44.61,718.6,-8.41E-05,63.83,684.2,-6.95E-05,55.41,780.2,-1.29E-04,90.52,,,,,,,,,,,,,,,,,,,,,,,,,,,,,,,,,,,,,,,,,,,,,,,,,,,,,,,,,,,,,,,,,,,,,,,,,,,,,,,,,,,,,,,,,,,,,,,,,,,,,,,,,,,,,,,,,,,,,,,,,,,,,,,,,,,,,,,,,,,,,,,,,,,,,,,,,,,,,,,,,,,,,,,,,,,,,,,,,,,,,,,,,,,,,,,,,,,,,,,,,,,,,,,,,,,,,,,,,,,,,,,,,,,,,,,,,,,,,,,,,,,,,,,,,,,,,,,
664.4,-5.40E-05,44.34,718.8,-8.48E-05,64.42,684.4,-6.93E-05,55.24,780.4,-1.30E-04,90.59,,,,,,,,,,,,,,,,,,,,,,,,,,,,,,,,,,,,,,,,,,,,,,,,,,,,,,,,,,,,,,,,,,,,,,,,,,,,,,,,,,,,,,,,,,,,,,,,,,,,,,,,,,,,,,,,,,,,,,,,,,,,,,,,,,,,,,,,,,,,,,,,,,,,,,,,,,,,,,,,,,,,,,,,,,,,,,,,,,,,,,,,,,,,,,,,,,,,,,,,,,,,,,,,,,,,,,,,,,,,,,,,,,,,,,,,,,,,,,,,,,,,,,,,,,,,,,,
664.6,-5.37E-05,44.06,719,-8.56E-05,65.00,684.6,-6.90E-05,55.04,780.6,-1.30E-04,90.63,,,,,,,,,,,,,,,,,,,,,,,,,,,,,,,,,,,,,,,,,,,,,,,,,,,,,,,,,,,,,,,,,,,,,,,,,,,,,,,,,,,,,,,,,,,,,,,,,,,,,,,,,,,,,,,,,,,,,,,,,,,,,,,,,,,,,,,,,,,,,,,,,,,,,,,,,,,,,,,,,,,,,,,,,,,,,,,,,,,,,,,,,,,,,,,,,,,,,,,,,,,,,,,,,,,,,,,,,,,,,,,,,,,,,,,,,,,,,,,,,,,,,,,,,,,,,,,
664.8,-5.33E-05,43.77,719.2,-8.64E-05,65.56,684.8,-6.88E-05,54.83,780.8,-1.30E-04,90.64,,,,,,,,,,,,,,,,,,,,,,,,,,,,,,,,,,,,,,,,,,,,,,,,,,,,,,,,,,,,,,,,,,,,,,,,,,,,,,,,,,,,,,,,,,,,,,,,,,,,,,,,,,,,,,,,,,,,,,,,,,,,,,,,,,,,,,,,,,,,,,,,,,,,,,,,,,,,,,,,,,,,,,,,,,,,,,,,,,,,,,,,,,,,,,,,,,,,,,,,,,,,,,,,,,,,,,,,,,,,,,,,,,,,,,,,,,,,,,,,,,,,,,,,,,,,,,,
665,-5.30E-05,43.47,719.4,-8.71E-05,66.10,685,-6.85E-05,54.59,781,-1.30E-04,90.61,,,,,,,,,,,,,,,,,,,,,,,,,,,,,,,,,,,,,,,,,,,,,,,,,,,,,,,,,,,,,,,,,,,,,,,,,,,,,,,,,,,,,,,,,,,,,,,,,,,,,,,,,,,,,,,,,,,,,,,,,,,,,,,,,,,,,,,,,,,,,,,,,,,,,,,,,,,,,,,,,,,,,,,,,,,,,,,,,,,,,,,,,,,,,,,,,,,,,,,,,,,,,,,,,,,,,,,,,,,,,,,,,,,,,,,,,,,,,,,,,,,,,,,,,,,,,,,
665.2,-5.26E-05,43.17,719.6,-8.79E-05,66.63,685.2,-6.82E-05,54.34,781.2,-1.30E-04,90.56,,,,,,,,,,,,,,,,,,,,,,,,,,,,,,,,,,,,,,,,,,,,,,,,,,,,,,,,,,,,,,,,,,,,,,,,,,,,,,,,,,,,,,,,,,,,,,,,,,,,,,,,,,,,,,,,,,,,,,,,,,,,,,,,,,,,,,,,,,,,,,,,,,,,,,,,,,,,,,,,,,,,,,,,,,,,,,,,,,,,,,,,,,,,,,,,,,,,,,,,,,,,,,,,,,,,,,,,,,,,,,,,,,,,,,,,,,,,,,,,,,,,,,,,,,,,,,,
665.4,-5.22E-05,42.85,719.8,-8.86E-05,67.14,685.4,-6.79E-05,54.07,781.4,-1.30E-04,90.48,,,,,,,,,,,,,,,,,,,,,,,,,,,,,,,,,,,,,,,,,,,,,,,,,,,,,,,,,,,,,,,,,,,,,,,,,,,,,,,,,,,,,,,,,,,,,,,,,,,,,,,,,,,,,,,,,,,,,,,,,,,,,,,,,,,,,,,,,,,,,,,,,,,,,,,,,,,,,,,,,,,,,,,,,,,,,,,,,,,,,,,,,,,,,,,,,,,,,,,,,,,,,,,,,,,,,,,,,,,,,,,,,,,,,,,,,,,,,,,,,,,,,,,,,,,,,,,
665.6,-5.19E-05,42.53,720,-8.92E-05,67.63,685.6,-6.76E-05,53.78,781.6,-1.29E-04,90.38,,,,,,,,,,,,,,,,,,,,,,,,,,,,,,,,,,,,,,,,,,,,,,,,,,,,,,,,,,,,,,,,,,,,,,,,,,,,,,,,,,,,,,,,,,,,,,,,,,,,,,,,,,,,,,,,,,,,,,,,,,,,,,,,,,,,,,,,,,,,,,,,,,,,,,,,,,,,,,,,,,,,,,,,,,,,,,,,,,,,,,,,,,,,,,,,,,,,,,,,,,,,,,,,,,,,,,,,,,,,,,,,,,,,,,,,,,,,,,,,,,,,,,,,,,,,,,,
665.8,-5.15E-05,42.20,720.2,-8.99E-05,68.11,685.8,-6.72E-05,53.48,781.8,-1.29E-04,90.24,,,,,,,,,,,,,,,,,,,,,,,,,,,,,,,,,,,,,,,,,,,,,,,,,,,,,,,,,,,,,,,,,,,,,,,,,,,,,,,,,,,,,,,,,,,,,,,,,,,,,,,,,,,,,,,,,,,,,,,,,,,,,,,,,,,,,,,,,,,,,,,,,,,,,,,,,,,,,,,,,,,,,,,,,,,,,,,,,,,,,,,,,,,,,,,,,,,,,,,,,,,,,,,,,,,,,,,,,,,,,,,,,,,,,,,,,,,,,,,,,,,,,,,,,,,,,,,
666,-5.11E-05,41.86,720.4,-9.05E-05,68.56,686,-6.68E-05,53.17,782,-1.29E-04,90.08,,,,,,,,,,,,,,,,,,,,,,,,,,,,,,,,,,,,,,,,,,,,,,,,,,,,,,,,,,,,,,,,,,,,,,,,,,,,,,,,,,,,,,,,,,,,,,,,,,,,,,,,,,,,,,,,,,,,,,,,,,,,,,,,,,,,,,,,,,,,,,,,,,,,,,,,,,,,,,,,,,,,,,,,,,,,,,,,,,,,,,,,,,,,,,,,,,,,,,,,,,,,,,,,,,,,,,,,,,,,,,,,,,,,,,,,,,,,,,,,,,,,,,,,,,,,,,,
666.2,-5.07E-05,41.52,720.6,-9.11E-05,68.99,686.2,-6.64E-05,52.83,782.2,-1.29E-04,89.89,,,,,,,,,,,,,,,,,,,,,,,,,,,,,,,,,,,,,,,,,,,,,,,,,,,,,,,,,,,,,,,,,,,,,,,,,,,,,,,,,,,,,,,,,,,,,,,,,,,,,,,,,,,,,,,,,,,,,,,,,,,,,,,,,,,,,,,,,,,,,,,,,,,,,,,,,,,,,,,,,,,,,,,,,,,,,,,,,,,,,,,,,,,,,,,,,,,,,,,,,,,,,,,,,,,,,,,,,,,,,,,,,,,,,,,,,,,,,,,,,,,,,,,,,,,,,,,
666.4,-5.03E-05,41.17,720.8,-9.17E-05,69.40,686.4,-6.60E-05,52.49,782.4,-1.29E-04,89.67,,,,,,,,,,,,,,,,,,,,,,,,,,,,,,,,,,,,,,,,,,,,,,,,,,,,,,,,,,,,,,,,,,,,,,,,,,,,,,,,,,,,,,,,,,,,,,,,,,,,,,,,,,,,,,,,,,,,,,,,,,,,,,,,,,,,,,,,,,,,,,,,,,,,,,,,,,,,,,,,,,,,,,,,,,,,,,,,,,,,,,,,,,,,,,,,,,,,,,,,,,,,,,,,,,,,,,,,,,,,,,,,,,,,,,,,,,,,,,,,,,,,,,,,,,,,,,,
666.6,-4.99E-05,40.81,721,-9.22E-05,69.79,686.6,-6.56E-05,52.13,782.6,-1.28E-04,89.43,,,,,,,,,,,,,,,,,,,,,,,,,,,,,,,,,,,,,,,,,,,,,,,,,,,,,,,,,,,,,,,,,,,,,,,,,,,,,,,,,,,,,,,,,,,,,,,,,,,,,,,,,,,,,,,,,,,,,,,,,,,,,,,,,,,,,,,,,,,,,,,,,,,,,,,,,,,,,,,,,,,,,,,,,,,,,,,,,,,,,,,,,,,,,,,,,,,,,,,,,,,,,,,,,,,,,,,,,,,,,,,,,,,,,,,,,,,,,,,,,,,,,,,,,,,,,,,
666.8,-4.94E-05,40.46,721.2,-9.27E-05,70.15,686.8,-6.51E-05,51.76,782.8,-1.28E-04,89.16,,,,,,,,,,,,,,,,,,,,,,,,,,,,,,,,,,,,,,,,,,,,,,,,,,,,,,,,,,,,,,,,,,,,,,,,,,,,,,,,,,,,,,,,,,,,,,,,,,,,,,,,,,,,,,,,,,,,,,,,,,,,,,,,,,,,,,,,,,,,,,,,,,,,,,,,,,,,,,,,,,,,,,,,,,,,,,,,,,,,,,,,,,,,,,,,,,,,,,,,,,,,,,,,,,,,,,,,,,,,,,,,,,,,,,,,,,,,,,,,,,,,,,,,,,,,,,,
667,-4.90E-05,40.10,721.4,-9.32E-05,70.49,687,-6.47E-05,51.38,783,-1.28E-04,88.87,,,,,,,,,,,,,,,,,,,,,,,,,,,,,,,,,,,,,,,,,,,,,,,,,,,,,,,,,,,,,,,,,,,,,,,,,,,,,,,,,,,,,,,,,,,,,,,,,,,,,,,,,,,,,,,,,,,,,,,,,,,,,,,,,,,,,,,,,,,,,,,,,,,,,,,,,,,,,,,,,,,,,,,,,,,,,,,,,,,,,,,,,,,,,,,,,,,,,,,,,,,,,,,,,,,,,,,,,,,,,,,,,,,,,,,,,,,,,,,,,,,,,,,,,,,,,,,
667.2,-4.86E-05,39.73,721.6,-9.36E-05,70.80,687.2,-6.42E-05,50.99,783.2,-1.27E-04,88.56,,,,,,,,,,,,,,,,,,,,,,,,,,,,,,,,,,,,,,,,,,,,,,,,,,,,,,,,,,,,,,,,,,,,,,,,,,,,,,,,,,,,,,,,,,,,,,,,,,,,,,,,,,,,,,,,,,,,,,,,,,,,,,,,,,,,,,,,,,,,,,,,,,,,,,,,,,,,,,,,,,,,,,,,,,,,,,,,,,,,,,,,,,,,,,,,,,,,,,,,,,,,,,,,,,,,,,,,,,,,,,,,,,,,,,,,,,,,,,,,,,,,,,,,,,,,,,,
667.4,-4.81E-05,39.36,721.8,-9.40E-05,71.09,687.4,-6.37E-05,50.58,783.4,-1.27E-04,88.22,,,,,,,,,,,,,,,,,,,,,,,,,,,,,,,,,,,,,,,,,,,,,,,,,,,,,,,,,,,,,,,,,,,,,,,,,,,,,,,,,,,,,,,,,,,,,,,,,,,,,,,,,,,,,,,,,,,,,,,,,,,,,,,,,,,,,,,,,,,,,,,,,,,,,,,,,,,,,,,,,,,,,,,,,,,,,,,,,,,,,,,,,,,,,,,,,,,,,,,,,,,,,,,,,,,,,,,,,,,,,,,,,,,,,,,,,,,,,,,,,,,,,,,,,,,,,,,
667.6,-4.77E-05,38.99,722,-9.44E-05,71.35,687.6,-6.32E-05,50.17,783.6,-1.26E-04,87.86,,,,,,,,,,,,,,,,,,,,,,,,,,,,,,,,,,,,,,,,,,,,,,,,,,,,,,,,,,,,,,,,,,,,,,,,,,,,,,,,,,,,,,,,,,,,,,,,,,,,,,,,,,,,,,,,,,,,,,,,,,,,,,,,,,,,,,,,,,,,,,,,,,,,,,,,,,,,,,,,,,,,,,,,,,,,,,,,,,,,,,,,,,,,,,,,,,,,,,,,,,,,,,,,,,,,,,,,,,,,,,,,,,,,,,,,,,,,,,,,,,,,,,,,,,,,,,,
667.8,-4.73E-05,38.62,722.2,-9.47E-05,71.58,687.8,-6.27E-05,49.75,783.8,-1.26E-04,87.48,,,,,,,,,,,,,,,,,,,,,,,,,,,,,,,,,,,,,,,,,,,,,,,,,,,,,,,,,,,,,,,,,,,,,,,,,,,,,,,,,,,,,,,,,,,,,,,,,,,,,,,,,,,,,,,,,,,,,,,,,,,,,,,,,,,,,,,,,,,,,,,,,,,,,,,,,,,,,,,,,,,,,,,,,,,,,,,,,,,,,,,,,,,,,,,,,,,,,,,,,,,,,,,,,,,,,,,,,,,,,,,,,,,,,,,,,,,,,,,,,,,,,,,,,,,,,,,
668,-4.68E-05,38.24,722.4,-9.50E-05,71.79,688,-6.22E-05,49.32,784,-1.25E-04,87.08,,,,,,,,,,,,,,,,,,,,,,,,,,,,,,,,,,,,,,,,,,,,,,,,,,,,,,,,,,,,,,,,,,,,,,,,,,,,,,,,,,,,,,,,,,,,,,,,,,,,,,,,,,,,,,,,,,,,,,,,,,,,,,,,,,,,,,,,,,,,,,,,,,,,,,,,,,,,,,,,,,,,,,,,,,,,,,,,,,,,,,,,,,,,,,,,,,,,,,,,,,,,,,,,,,,,,,,,,,,,,,,,,,,,,,,,,,,,,,,,,,,,,,,,,,,,,,,
668.2,-4.64E-05,37.87,722.6,-9.53E-05,71.96,688.2,-6.17E-05,48.89,784.2,-1.25E-04,86.67,,,,,,,,,,,,,,,,,,,,,,,,,,,,,,,,,,,,,,,,,,,,,,,,,,,,,,,,,,,,,,,,,,,,,,,,,,,,,,,,,,,,,,,,,,,,,,,,,,,,,,,,,,,,,,,,,,,,,,,,,,,,,,,,,,,,,,,,,,,,,,,,,,,,,,,,,,,,,,,,,,,,,,,,,,,,,,,,,,,,,,,,,,,,,,,,,,,,,,,,,,,,,,,,,,,,,,,,,,,,,,,,,,,,,,,,,,,,,,,,,,,,,,,,,,,,,,,
668.4,-4.59E-05,37.49,722.8,-9.55E-05,72.11,688.4,-6.11E-05,48.45,784.4,-1.24E-04,86.23,,,,,,,,,,,,,,,,,,,,,,,,,,,,,,,,,,,,,,,,,,,,,,,,,,,,,,,,,,,,,,,,,,,,,,,,,,,,,,,,,,,,,,,,,,,,,,,,,,,,,,,,,,,,,,,,,,,,,,,,,,,,,,,,,,,,,,,,,,,,,,,,,,,,,,,,,,,,,,,,,,,,,,,,,,,,,,,,,,,,,,,,,,,,,,,,,,,,,,,,,,,,,,,,,,,,,,,,,,,,,,,,,,,,,,,,,,,,,,,,,,,,,,,,,,,,,,,
668.6,-4.55E-05,37.11,723,-9.57E-05,72.23,688.6,-6.06E-05,48.00,784.6,-1.23E-04,85.77,,,,,,,,,,,,,,,,,,,,,,,,,,,,,,,,,,,,,,,,,,,,,,,,,,,,,,,,,,,,,,,,,,,,,,,,,,,,,,,,,,,,,,,,,,,,,,,,,,,,,,,,,,,,,,,,,,,,,,,,,,,,,,,,,,,,,,,,,,,,,,,,,,,,,,,,,,,,,,,,,,,,,,,,,,,,,,,,,,,,,,,,,,,,,,,,,,,,,,,,,,,,,,,,,,,,,,,,,,,,,,,,,,,,,,,,,,,,,,,,,,,,,,,,,,,,,,,
668.8,-4.50E-05,36.73,723.2,-9.58E-05,72.33,688.8,-6.00E-05,47.55,784.8,-1.23E-04,85.31,,,,,,,,,,,,,,,,,,,,,,,,,,,,,,,,,,,,,,,,,,,,,,,,,,,,,,,,,,,,,,,,,,,,,,,,,,,,,,,,,,,,,,,,,,,,,,,,,,,,,,,,,,,,,,,,,,,,,,,,,,,,,,,,,,,,,,,,,,,,,,,,,,,,,,,,,,,,,,,,,,,,,,,,,,,,,,,,,,,,,,,,,,,,,,,,,,,,,,,,,,,,,,,,,,,,,,,,,,,,,,,,,,,,,,,,,,,,,,,,,,,,,,,,,,,,,,,
669,-4.46E-05,36.35,723.4,-9.60E-05,72.39,689,-5.95E-05,47.09,785,-1.22E-04,84.82,,,,,,,,,,,,,,,,,,,,,,,,,,,,,,,,,,,,,,,,,,,,,,,,,,,,,,,,,,,,,,,,,,,,,,,,,,,,,,,,,,,,,,,,,,,,,,,,,,,,,,,,,,,,,,,,,,,,,,,,,,,,,,,,,,,,,,,,,,,,,,,,,,,,,,,,,,,,,,,,,,,,,,,,,,,,,,,,,,,,,,,,,,,,,,,,,,,,,,,,,,,,,,,,,,,,,,,,,,,,,,,,,,,,,,,,,,,,,,,,,,,,,,,,,,,,,,,
669.2,-4.41E-05,35.97,723.6,-9.60E-05,72.43,689.2,-5.89E-05,46.63,785.2,-1.21E-04,84.32,,,,,,,,,,,,,,,,,,,,,,,,,,,,,,,,,,,,,,,,,,,,,,,,,,,,,,,,,,,,,,,,,,,,,,,,,,,,,,,,,,,,,,,,,,,,,,,,,,,,,,,,,,,,,,,,,,,,,,,,,,,,,,,,,,,,,,,,,,,,,,,,,,,,,,,,,,,,,,,,,,,,,,,,,,,,,,,,,,,,,,,,,,,,,,,,,,,,,,,,,,,,,,,,,,,,,,,,,,,,,,,,,,,,,,,,,,,,,,,,,,,,,,,,,,,,,,,
669.4,-4.37E-05,35.59,723.8,-9.61E-05,72.43,689.4,-5.83E-05,46.17,785.4,-1.21E-04,83.80,,,,,,,,,,,,,,,,,,,,,,,,,,,,,,,,,,,,,,,,,,,,,,,,,,,,,,,,,,,,,,,,,,,,,,,,,,,,,,,,,,,,,,,,,,,,,,,,,,,,,,,,,,,,,,,,,,,,,,,,,,,,,,,,,,,,,,,,,,,,,,,,,,,,,,,,,,,,,,,,,,,,,,,,,,,,,,,,,,,,,,,,,,,,,,,,,,,,,,,,,,,,,,,,,,,,,,,,,,,,,,,,,,,,,,,,,,,,,,,,,,,,,,,,,,,,,,,
669.6,-4.32E-05,35.22,724,-9.61E-05,72.41,689.6,-5.78E-05,45.70,785.6,-1.20E-04,83.27,,,,,,,,,,,,,,,,,,,,,,,,,,,,,,,,,,,,,,,,,,,,,,,,,,,,,,,,,,,,,,,,,,,,,,,,,,,,,,,,,,,,,,,,,,,,,,,,,,,,,,,,,,,,,,,,,,,,,,,,,,,,,,,,,,,,,,,,,,,,,,,,,,,,,,,,,,,,,,,,,,,,,,,,,,,,,,,,,,,,,,,,,,,,,,,,,,,,,,,,,,,,,,,,,,,,,,,,,,,,,,,,,,,,,,,,,,,,,,,,,,,,,,,,,,,,,,,
669.8,-4.28E-05,34.84,724.2,-9.60E-05,72.37,689.8,-5.72E-05,45.24,785.8,-1.19E-04,82.74,,,,,,,,,,,,,,,,,,,,,,,,,,,,,,,,,,,,,,,,,,,,,,,,,,,,,,,,,,,,,,,,,,,,,,,,,,,,,,,,,,,,,,,,,,,,,,,,,,,,,,,,,,,,,,,,,,,,,,,,,,,,,,,,,,,,,,,,,,,,,,,,,,,,,,,,,,,,,,,,,,,,,,,,,,,,,,,,,,,,,,,,,,,,,,,,,,,,,,,,,,,,,,,,,,,,,,,,,,,,,,,,,,,,,,,,,,,,,,,,,,,,,,,,,,,,,,,
670,-4.23E-05,34.46,724.4,-9.60E-05,72.29,690,-5.66E-05,44.77,786,-1.18E-04,82.19,,,,,,,,,,,,,,,,,,,,,,,,,,,,,,,,,,,,,,,,,,,,,,,,,,,,,,,,,,,,,,,,,,,,,,,,,,,,,,,,,,,,,,,,,,,,,,,,,,,,,,,,,,,,,,,,,,,,,,,,,,,,,,,,,,,,,,,,,,,,,,,,,,,,,,,,,,,,,,,,,,,,,,,,,,,,,,,,,,,,,,,,,,,,,,,,,,,,,,,,,,,,,,,,,,,,,,,,,,,,,,,,,,,,,,,,,,,,,,,,,,,,,,,,,,,,,,,
671,-4.01E-05,32.61,724.6,-9.58E-05,72.19,690.2,-5.60E-05,44.30,786.2,-1.18E-04,81.63,,,,,,,,,,,,,,,,,,,,,,,,,,,,,,,,,,,,,,,,,,,,,,,,,,,,,,,,,,,,,,,,,,,,,,,,,,,,,,,,,,,,,,,,,,,,,,,,,,,,,,,,,,,,,,,,,,,,,,,,,,,,,,,,,,,,,,,,,,,,,,,,,,,,,,,,,,,,,,,,,,,,,,,,,,,,,,,,,,,,,,,,,,,,,,,,,,,,,,,,,,,,,,,,,,,,,,,,,,,,,,,,,,,,,,,,,,,,,,,,,,,,,,,,,,,,,,,
672,-3.80E-05,30.82,724.8,-9.57E-05,72.06,690.4,-5.54E-05,43.83,786.4,-1.17E-04,81.06,,,,,,,,,,,,,,,,,,,,,,,,,,,,,,,,,,,,,,,,,,,,,,,,,,,,,,,,,,,,,,,,,,,,,,,,,,,,,,,,,,,,,,,,,,,,,,,,,,,,,,,,,,,,,,,,,,,,,,,,,,,,,,,,,,,,,,,,,,,,,,,,,,,,,,,,,,,,,,,,,,,,,,,,,,,,,,,,,,,,,,,,,,,,,,,,,,,,,,,,,,,,,,,,,,,,,,,,,,,,,,,,,,,,,,,,,,,,,,,,,,,,,,,,,,,,,,,
673,-3.59E-05,29.11,725,-9.55E-05,71.90,690.6,-5.49E-05,43.35,786.6,-1.16E-04,80.48,,,,,,,,,,,,,,,,,,,,,,,,,,,,,,,,,,,,,,,,,,,,,,,,,,,,,,,,,,,,,,,,,,,,,,,,,,,,,,,,,,,,,,,,,,,,,,,,,,,,,,,,,,,,,,,,,,,,,,,,,,,,,,,,,,,,,,,,,,,,,,,,,,,,,,,,,,,,,,,,,,,,,,,,,,,,,,,,,,,,,,,,,,,,,,,,,,,,,,,,,,,,,,,,,,,,,,,,,,,,,,,,,,,,,,,,,,,,,,,,,,,,,,,,,,,,,,,
674,-3.39E-05,27.48,725.2,-9.53E-05,71.72,690.8,-5.43E-05,42.88,786.8,-1.15E-04,79.90,,,,,,,,,,,,,,,,,,,,,,,,,,,,,,,,,,,,,,,,,,,,,,,,,,,,,,,,,,,,,,,,,,,,,,,,,,,,,,,,,,,,,,,,,,,,,,,,,,,,,,,,,,,,,,,,,,,,,,,,,,,,,,,,,,,,,,,,,,,,,,,,,,,,,,,,,,,,,,,,,,,,,,,,,,,,,,,,,,,,,,,,,,,,,,,,,,,,,,,,,,,,,,,,,,,,,,,,,,,,,,,,,,,,,,,,,,,,,,,,,,,,,,,,,,,,,,,
675,-3.21E-05,25.94,725.4,-9.50E-05,71.51,691,-5.37E-05,42.41,787,-1.14E-04,79.30,,,,,,,,,,,,,,,,,,,,,,,,,,,,,,,,,,,,,,,,,,,,,,,,,,,,,,,,,,,,,,,,,,,,,,,,,,,,,,,,,,,,,,,,,,,,,,,,,,,,,,,,,,,,,,,,,,,,,,,,,,,,,,,,,,,,,,,,,,,,,,,,,,,,,,,,,,,,,,,,,,,,,,,,,,,,,,,,,,,,,,,,,,,,,,,,,,,,,,,,,,,,,,,,,,,,,,,,,,,,,,,,,,,,,,,,,,,,,,,,,,,,,,,,,,,,,,,
676,-3.03E-05,24.49,725.6,-9.48E-05,71.28,691.2,-5.31E-05,41.94,787.2,-1.14E-04,78.71,,,,,,,,,,,,,,,,,,,,,,,,,,,,,,,,,,,,,,,,,,,,,,,,,,,,,,,,,,,,,,,,,,,,,,,,,,,,,,,,,,,,,,,,,,,,,,,,,,,,,,,,,,,,,,,,,,,,,,,,,,,,,,,,,,,,,,,,,,,,,,,,,,,,,,,,,,,,,,,,,,,,,,,,,,,,,,,,,,,,,,,,,,,,,,,,,,,,,,,,,,,,,,,,,,,,,,,,,,,,,,,,,,,,,,,,,,,,,,,,,,,,,,,,,,,,,,,
677,-2.87E-05,23.14,725.8,-9.45E-05,71.02,691.4,-5.25E-05,41.47,787.4,-1.13E-04,78.10,,,,,,,,,,,,,,,,,,,,,,,,,,,,,,,,,,,,,,,,,,,,,,,,,,,,,,,,,,,,,,,,,,,,,,,,,,,,,,,,,,,,,,,,,,,,,,,,,,,,,,,,,,,,,,,,,,,,,,,,,,,,,,,,,,,,,,,,,,,,,,,,,,,,,,,,,,,,,,,,,,,,,,,,,,,,,,,,,,,,,,,,,,,,,,,,,,,,,,,,,,,,,,,,,,,,,,,,,,,,,,,,,,,,,,,,,,,,,,,,,,,,,,,,,,,,,,,
678,-2.72E-05,21.88,726,-9.41E-05,70.75,691.6,-5.20E-05,41.01,787.6,-1.12E-04,77.49,,,,,,,,,,,,,,,,,,,,,,,,,,,,,,,,,,,,,,,,,,,,,,,,,,,,,,,,,,,,,,,,,,,,,,,,,,,,,,,,,,,,,,,,,,,,,,,,,,,,,,,,,,,,,,,,,,,,,,,,,,,,,,,,,,,,,,,,,,,,,,,,,,,,,,,,,,,,,,,,,,,,,,,,,,,,,,,,,,,,,,,,,,,,,,,,,,,,,,,,,,,,,,,,,,,,,,,,,,,,,,,,,,,,,,,,,,,,,,,,,,,,,,,,,,,,,,,
679,-2.58E-05,20.70,726.2,-9.37E-05,70.45,691.8,-5.14E-05,40.54,787.8,-1.11E-04,76.88,,,,,,,,,,,,,,,,,,,,,,,,,,,,,,,,,,,,,,,,,,,,,,,,,,,,,,,,,,,,,,,,,,,,,,,,,,,,,,,,,,,,,,,,,,,,,,,,,,,,,,,,,,,,,,,,,,,,,,,,,,,,,,,,,,,,,,,,,,,,,,,,,,,,,,,,,,,,,,,,,,,,,,,,,,,,,,,,,,,,,,,,,,,,,,,,,,,,,,,,,,,,,,,,,,,,,,,,,,,,,,,,,,,,,,,,,,,,,,,,,,,,,,,,,,,,,,,
680,-2.44E-05,19.61,726.4,-9.33E-05,70.13,692,-5.08E-05,40.08,788,-1.10E-04,76.26,,,,,,,,,,,,,,,,,,,,,,,,,,,,,,,,,,,,,,,,,,,,,,,,,,,,,,,,,,,,,,,,,,,,,,,,,,,,,,,,,,,,,,,,,,,,,,,,,,,,,,,,,,,,,,,,,,,,,,,,,,,,,,,,,,,,,,,,,,,,,,,,,,,,,,,,,,,,,,,,,,,,,,,,,,,,,,,,,,,,,,,,,,,,,,,,,,,,,,,,,,,,,,,,,,,,,,,,,,,,,,,,,,,,,,,,,,,,,,,,,,,,,,,,,,,,,,,
681,-2.32E-05,18.59,726.6,-9.29E-05,69.79,692.2,-5.03E-05,39.62,788.2,-1.09E-04,75.64,,,,,,,,,,,,,,,,,,,,,,,,,,,,,,,,,,,,,,,,,,,,,,,,,,,,,,,,,,,,,,,,,,,,,,,,,,,,,,,,,,,,,,,,,,,,,,,,,,,,,,,,,,,,,,,,,,,,,,,,,,,,,,,,,,,,,,,,,,,,,,,,,,,,,,,,,,,,,,,,,,,,,,,,,,,,,,,,,,,,,,,,,,,,,,,,,,,,,,,,,,,,,,,,,,,,,,,,,,,,,,,,,,,,,,,,,,,,,,,,,,,,,,,,,,,,,,,
682,-2.20E-05,17.64,726.8,-9.25E-05,69.43,692.4,-4.97E-05,39.16,788.4,-1.08E-04,75.02,,,,,,,,,,,,,,,,,,,,,,,,,,,,,,,,,,,,,,,,,,,,,,,,,,,,,,,,,,,,,,,,,,,,,,,,,,,,,,,,,,,,,,,,,,,,,,,,,,,,,,,,,,,,,,,,,,,,,,,,,,,,,,,,,,,,,,,,,,,,,,,,,,,,,,,,,,,,,,,,,,,,,,,,,,,,,,,,,,,,,,,,,,,,,,,,,,,,,,,,,,,,,,,,,,,,,,,,,,,,,,,,,,,,,,,,,,,,,,,,,,,,,,,,,,,,,,,
683,-2.10E-05,16.76,727,-9.20E-05,69.05,692.6,-4.91E-05,38.71,788.6,-1.07E-04,74.39,,,,,,,,,,,,,,,,,,,,,,,,,,,,,,,,,,,,,,,,,,,,,,,,,,,,,,,,,,,,,,,,,,,,,,,,,,,,,,,,,,,,,,,,,,,,,,,,,,,,,,,,,,,,,,,,,,,,,,,,,,,,,,,,,,,,,,,,,,,,,,,,,,,,,,,,,,,,,,,,,,,,,,,,,,,,,,,,,,,,,,,,,,,,,,,,,,,,,,,,,,,,,,,,,,,,,,,,,,,,,,,,,,,,,,,,,,,,,,,,,,,,,,,,,,,,,,,
684,-2.00E-05,15.95,727.2,-9.15E-05,68.65,692.8,-4.86E-05,38.26,788.8,-1.07E-04,73.76,,,,,,,,,,,,,,,,,,,,,,,,,,,,,,,,,,,,,,,,,,,,,,,,,,,,,,,,,,,,,,,,,,,,,,,,,,,,,,,,,,,,,,,,,,,,,,,,,,,,,,,,,,,,,,,,,,,,,,,,,,,,,,,,,,,,,,,,,,,,,,,,,,,,,,,,,,,,,,,,,,,,,,,,,,,,,,,,,,,,,,,,,,,,,,,,,,,,,,,,,,,,,,,,,,,,,,,,,,,,,,,,,,,,,,,,,,,,,,,,,,,,,,,,,,,,,,,
685,-1.91E-05,15.19,727.4,-9.10E-05,68.24,693,-4.80E-05,37.81,789,-1.06E-04,73.13,,,,,,,,,,,,,,,,,,,,,,,,,,,,,,,,,,,,,,,,,,,,,,,,,,,,,,,,,,,,,,,,,,,,,,,,,,,,,,,,,,,,,,,,,,,,,,,,,,,,,,,,,,,,,,,,,,,,,,,,,,,,,,,,,,,,,,,,,,,,,,,,,,,,,,,,,,,,,,,,,,,,,,,,,,,,,,,,,,,,,,,,,,,,,,,,,,,,,,,,,,,,,,,,,,,,,,,,,,,,,,,,,,,,,,,,,,,,,,,,,,,,,,,,,,,,,,,
686,-1.82E-05,14.48,727.6,-9.04E-05,67.81,693.2,-4.75E-05,37.36,789.2,-1.05E-04,72.51,,,,,,,,,,,,,,,,,,,,,,,,,,,,,,,,,,,,,,,,,,,,,,,,,,,,,,,,,,,,,,,,,,,,,,,,,,,,,,,,,,,,,,,,,,,,,,,,,,,,,,,,,,,,,,,,,,,,,,,,,,,,,,,,,,,,,,,,,,,,,,,,,,,,,,,,,,,,,,,,,,,,,,,,,,,,,,,,,,,,,,,,,,,,,,,,,,,,,,,,,,,,,,,,,,,,,,,,,,,,,,,,,,,,,,,,,,,,,,,,,,,,,,,,,,,,,,,
687,-1.74E-05,13.82,727.8,-8.98E-05,67.37,693.4,-4.69E-05,36.92,789.4,-1.04E-04,71.88,,,,,,,,,,,,,,,,,,,,,,,,,,,,,,,,,,,,,,,,,,,,,,,,,,,,,,,,,,,,,,,,,,,,,,,,,,,,,,,,,,,,,,,,,,,,,,,,,,,,,,,,,,,,,,,,,,,,,,,,,,,,,,,,,,,,,,,,,,,,,,,,,,,,,,,,,,,,,,,,,,,,,,,,,,,,,,,,,,,,,,,,,,,,,,,,,,,,,,,,,,,,,,,,,,,,,,,,,,,,,,,,,,,,,,,,,,,,,,,,,,,,,,,,,,,,,,,
688,-1.67E-05,13.21,728,-8.93E-05,66.91,693.6,-4.64E-05,36.49,789.6,-1.03E-04,71.25,,,,,,,,,,,,,,,,,,,,,,,,,,,,,,,,,,,,,,,,,,,,,,,,,,,,,,,,,,,,,,,,,,,,,,,,,,,,,,,,,,,,,,,,,,,,,,,,,,,,,,,,,,,,,,,,,,,,,,,,,,,,,,,,,,,,,,,,,,,,,,,,,,,,,,,,,,,,,,,,,,,,,,,,,,,,,,,,,,,,,,,,,,,,,,,,,,,,,,,,,,,,,,,,,,,,,,,,,,,,,,,,,,,,,,,,,,,,,,,,,,,,,,,,,,,,,,,
689,-1.60E-05,12.64,728.2,-8.87E-05,66.45,693.8,-4.58E-05,36.05,789.8,-1.02E-04,70.62,,,,,,,,,,,,,,,,,,,,,,,,,,,,,,,,,,,,,,,,,,,,,,,,,,,,,,,,,,,,,,,,,,,,,,,,,,,,,,,,,,,,,,,,,,,,,,,,,,,,,,,,,,,,,,,,,,,,,,,,,,,,,,,,,,,,,,,,,,,,,,,,,,,,,,,,,,,,,,,,,,,,,,,,,,,,,,,,,,,,,,,,,,,,,,,,,,,,,,,,,,,,,,,,,,,,,,,,,,,,,,,,,,,,,,,,,,,,,,,,,,,,,,,,,,,,,,,
690,-1.53E-05,12.11,728.4,-8.80E-05,65.96,694,-4.53E-05,35.62,790,-1.01E-04,70.00,,,,,,,,,,,,,,,,,,,,,,,,,,,,,,,,,,,,,,,,,,,,,,,,,,,,,,,,,,,,,,,,,,,,,,,,,,,,,,,,,,,,,,,,,,,,,,,,,,,,,,,,,,,,,,,,,,,,,,,,,,,,,,,,,,,,,,,,,,,,,,,,,,,,,,,,,,,,,,,,,,,,,,,,,,,,,,,,,,,,,,,,,,,,,,,,,,,,,,,,,,,,,,,,,,,,,,,,,,,,,,,,,,,,,,,,,,,,,,,,,,,,,,,,,,,,,,,
691,-1.47E-05,11.61,728.6,-8.74E-05,65.47,694.2,-4.48E-05,35.20,790.2,-1.00E-04,69.37,,,,,,,,,,,,,,,,,,,,,,,,,,,,,,,,,,,,,,,,,,,,,,,,,,,,,,,,,,,,,,,,,,,,,,,,,,,,,,,,,,,,,,,,,,,,,,,,,,,,,,,,,,,,,,,,,,,,,,,,,,,,,,,,,,,,,,,,,,,,,,,,,,,,,,,,,,,,,,,,,,,,,,,,,,,,,,,,,,,,,,,,,,,,,,,,,,,,,,,,,,,,,,,,,,,,,,,,,,,,,,,,,,,,,,,,,,,,,,,,,,,,,,,,,,,,,,,
692,-1.41E-05,11.15,728.8,-8.68E-05,64.97,694.4,-4.43E-05,34.78,790.4,-9.96E-05,68.75,,,,,,,,,,,,,,,,,,,,,,,,,,,,,,,,,,,,,,,,,,,,,,,,,,,,,,,,,,,,,,,,,,,,,,,,,,,,,,,,,,,,,,,,,,,,,,,,,,,,,,,,,,,,,,,,,,,,,,,,,,,,,,,,,,,,,,,,,,,,,,,,,,,,,,,,,,,,,,,,,,,,,,,,,,,,,,,,,,,,,,,,,,,,,,,,,,,,,,,,,,,,,,,,,,,,,,,,,,,,,,,,,,,,,,,,,,,,,,,,,,,,,,,,,,,,,,,
693,-1.36E-05,10.71,729,-8.61E-05,64.46,694.6,-4.37E-05,34.36,790.6,-9.87E-05,68.13,,,,,,,,,,,,,,,,,,,,,,,,,,,,,,,,,,,,,,,,,,,,,,,,,,,,,,,,,,,,,,,,,,,,,,,,,,,,,,,,,,,,,,,,,,,,,,,,,,,,,,,,,,,,,,,,,,,,,,,,,,,,,,,,,,,,,,,,,,,,,,,,,,,,,,,,,,,,,,,,,,,,,,,,,,,,,,,,,,,,,,,,,,,,,,,,,,,,,,,,,,,,,,,,,,,,,,,,,,,,,,,,,,,,,,,,,,,,,,,,,,,,,,,,,,,,,,,
694,-1.31E-05,10.30,729.2,-8.54E-05,63.94,694.8,-4.32E-05,33.95,790.8,-9.78E-05,67.51,,,,,,,,,,,,,,,,,,,,,,,,,,,,,,,,,,,,,,,,,,,,,,,,,,,,,,,,,,,,,,,,,,,,,,,,,,,,,,,,,,,,,,,,,,,,,,,,,,,,,,,,,,,,,,,,,,,,,,,,,,,,,,,,,,,,,,,,,,,,,,,,,,,,,,,,,,,,,,,,,,,,,,,,,,,,,,,,,,,,,,,,,,,,,,,,,,,,,,,,,,,,,,,,,,,,,,,,,,,,,,,,,,,,,,,,,,,,,,,,,,,,,,,,,,,,,,,
695,-1.26E-05,9.92,729.4,-8.47E-05,63.41,695,-4.27E-05,33.55,791,-9.70E-05,66.89,,,,,,,,,,,,,,,,,,,,,,,,,,,,,,,,,,,,,,,,,,,,,,,,,,,,,,,,,,,,,,,,,,,,,,,,,,,,,,,,,,,,,,,,,,,,,,,,,,,,,,,,,,,,,,,,,,,,,,,,,,,,,,,,,,,,,,,,,,,,,,,,,,,,,,,,,,,,,,,,,,,,,,,,,,,,,,,,,,,,,,,,,,,,,,,,,,,,,,,,,,,,,,,,,,,,,,,,,,,,,,,,,,,,,,,,,,,,,,,,,,,,,,,,,,,,,,,
696,-1.22E-05,9.56,729.6,-8.41E-05,62.87,695.2,-4.22E-05,33.14,791.2,-9.61E-05,66.28,,,,,,,,,,,,,,,,,,,,,,,,,,,,,,,,,,,,,,,,,,,,,,,,,,,,,,,,,,,,,,,,,,,,,,,,,,,,,,,,,,,,,,,,,,,,,,,,,,,,,,,,,,,,,,,,,,,,,,,,,,,,,,,,,,,,,,,,,,,,,,,,,,,,,,,,,,,,,,,,,,,,,,,,,,,,,,,,,,,,,,,,,,,,,,,,,,,,,,,,,,,,,,,,,,,,,,,,,,,,,,,,,,,,,,,,,,,,,,,,,,,,,,,,,,,,,,,
697,-1.18E-05,9.23,729.8,-8.34E-05,62.33,695.4,-4.17E-05,32.75,791.4,-9.52E-05,65.67,,,,,,,,,,,,,,,,,,,,,,,,,,,,,,,,,,,,,,,,,,,,,,,,,,,,,,,,,,,,,,,,,,,,,,,,,,,,,,,,,,,,,,,,,,,,,,,,,,,,,,,,,,,,,,,,,,,,,,,,,,,,,,,,,,,,,,,,,,,,,,,,,,,,,,,,,,,,,,,,,,,,,,,,,,,,,,,,,,,,,,,,,,,,,,,,,,,,,,,,,,,,,,,,,,,,,,,,,,,,,,,,,,,,,,,,,,,,,,,,,,,,,,,,,,,,,,,
698,-1.14E-05,8.91,730,-8.26E-05,61.78,695.6,-4.12E-05,32.35,791.6,-9.44E-05,65.07,,,,,,,,,,,,,,,,,,,,,,,,,,,,,,,,,,,,,,,,,,,,,,,,,,,,,,,,,,,,,,,,,,,,,,,,,,,,,,,,,,,,,,,,,,,,,,,,,,,,,,,,,,,,,,,,,,,,,,,,,,,,,,,,,,,,,,,,,,,,,,,,,,,,,,,,,,,,,,,,,,,,,,,,,,,,,,,,,,,,,,,,,,,,,,,,,,,,,,,,,,,,,,,,,,,,,,,,,,,,,,,,,,,,,,,,,,,,,,,,,,,,,,,,,,,,,,,
699,-1.10E-05,8.61,731,-7.90E-05,58.99,695.8,-4.08E-05,31.97,791.8,-9.35E-05,64.46,,,,,,,,,,,,,,,,,,,,,,,,,,,,,,,,,,,,,,,,,,,,,,,,,,,,,,,,,,,,,,,,,,,,,,,,,,,,,,,,,,,,,,,,,,,,,,,,,,,,,,,,,,,,,,,,,,,,,,,,,,,,,,,,,,,,,,,,,,,,,,,,,,,,,,,,,,,,,,,,,,,,,,,,,,,,,,,,,,,,,,,,,,,,,,,,,,,,,,,,,,,,,,,,,,,,,,,,,,,,,,,,,,,,,,,,,,,,,,,,,,,,,,,,,,,,,,,
700,-1.07E-05,8.33,732,-7.53E-05,56.15,696,-4.03E-05,31.58,792,-9.27E-05,63.86,,,,,,,,,,,,,,,,,,,,,,,,,,,,,,,,,,,,,,,,,,,,,,,,,,,,,,,,,,,,,,,,,,,,,,,,,,,,,,,,,,,,,,,,,,,,,,,,,,,,,,,,,,,,,,,,,,,,,,,,,,,,,,,,,,,,,,,,,,,,,,,,,,,,,,,,,,,,,,,,,,,,,,,,,,,,,,,,,,,,,,,,,,,,,,,,,,,,,,,,,,,,,,,,,,,,,,,,,,,,,,,,,,,,,,,,,,,,,,,,,,,,,,,,,,,,,,,
705,-9.24E-06,7.16,733,-7.16E-05,53.33,696.2,-3.98E-05,31.20,792.2,-9.18E-05,63.27,,,,,,,,,,,,,,,,,,,,,,,,,,,,,,,,,,,,,,,,,,,,,,,,,,,,,,,,,,,,,,,,,,,,,,,,,,,,,,,,,,,,,,,,,,,,,,,,,,,,,,,,,,,,,,,,,,,,,,,,,,,,,,,,,,,,,,,,,,,,,,,,,,,,,,,,,,,,,,,,,,,,,,,,,,,,,,,,,,,,,,,,,,,,,,,,,,,,,,,,,,,,,,,,,,,,,,,,,,,,,,,,,,,,,,,,,,,,,,,,,,,,,,,,,,,,,,,
710,-8.31E-06,6.39,734,-6.80E-05,50.56,696.4,-3.93E-05,30.83,792.4,-9.10E-05,62.68,,,,,,,,,,,,,,,,,,,,,,,,,,,,,,,,,,,,,,,,,,,,,,,,,,,,,,,,,,,,,,,,,,,,,,,,,,,,,,,,,,,,,,,,,,,,,,,,,,,,,,,,,,,,,,,,,,,,,,,,,,,,,,,,,,,,,,,,,,,,,,,,,,,,,,,,,,,,,,,,,,,,,,,,,,,,,,,,,,,,,,,,,,,,,,,,,,,,,,,,,,,,,,,,,,,,,,,,,,,,,,,,,,,,,,,,,,,,,,,,,,,,,,,,,,,,,,,
715,-7.57E-06,5.78,735,-6.45E-05,47.89,696.6,-3.89E-05,30.46,792.6,-9.02E-05,62.10,,,,,,,,,,,,,,,,,,,,,,,,,,,,,,,,,,,,,,,,,,,,,,,,,,,,,,,,,,,,,,,,,,,,,,,,,,,,,,,,,,,,,,,,,,,,,,,,,,,,,,,,,,,,,,,,,,,,,,,,,,,,,,,,,,,,,,,,,,,,,,,,,,,,,,,,,,,,,,,,,,,,,,,,,,,,,,,,,,,,,,,,,,,,,,,,,,,,,,,,,,,,,,,,,,,,,,,,,,,,,,,,,,,,,,,,,,,,,,,,,,,,,,,,,,,,,,,
720,-6.99E-06,5.30,736,-6.11E-05,45.34,696.8,-3.84E-05,30.10,792.8,-8.94E-05,61.52,,,,,,,,,,,,,,,,,,,,,,,,,,,,,,,,,,,,,,,,,,,,,,,,,,,,,,,,,,,,,,,,,,,,,,,,,,,,,,,,,,,,,,,,,,,,,,,,,,,,,,,,,,,,,,,,,,,,,,,,,,,,,,,,,,,,,,,,,,,,,,,,,,,,,,,,,,,,,,,,,,,,,,,,,,,,,,,,,,,,,,,,,,,,,,,,,,,,,,,,,,,,,,,,,,,,,,,,,,,,,,,,,,,,,,,,,,,,,,,,,,,,,,,,,,,,,,,
725,-6.52E-06,4.91,737,-5.80E-05,42.91,697,-3.80E-05,29.74,793,-8.85E-05,60.94,,,,,,,,,,,,,,,,,,,,,,,,,,,,,,,,,,,,,,,,,,,,,,,,,,,,,,,,,,,,,,,,,,,,,,,,,,,,,,,,,,,,,,,,,,,,,,,,,,,,,,,,,,,,,,,,,,,,,,,,,,,,,,,,,,,,,,,,,,,,,,,,,,,,,,,,,,,,,,,,,,,,,,,,,,,,,,,,,,,,,,,,,,,,,,,,,,,,,,,,,,,,,,,,,,,,,,,,,,,,,,,,,,,,,,,,,,,,,,,,,,,,,,,,,,,,,,,
730,-6.13E-06,4.59,738,-5.49E-05,40.62,697.2,-3.75E-05,29.38,793.2,-8.77E-05,60.37,,,,,,,,,,,,,,,,,,,,,,,,,,,,,,,,,,,,,,,,,,,,,,,,,,,,,,,,,,,,,,,,,,,,,,,,,,,,,,,,,,,,,,,,,,,,,,,,,,,,,,,,,,,,,,,,,,,,,,,,,,,,,,,,,,,,,,,,,,,,,,,,,,,,,,,,,,,,,,,,,,,,,,,,,,,,,,,,,,,,,,,,,,,,,,,,,,,,,,,,,,,,,,,,,,,,,,,,,,,,,,,,,,,,,,,,,,,,,,,,,,,,,,,,,,,,,,,
735,-5.81E-06,4.32,739,-5.21E-05,38.47,697.4,-3.71E-05,29.03,793.4,-8.69E-05,59.80,,,,,,,,,,,,,,,,,,,,,,,,,,,,,,,,,,,,,,,,,,,,,,,,,,,,,,,,,,,,,,,,,,,,,,,,,,,,,,,,,,,,,,,,,,,,,,,,,,,,,,,,,,,,,,,,,,,,,,,,,,,,,,,,,,,,,,,,,,,,,,,,,,,,,,,,,,,,,,,,,,,,,,,,,,,,,,,,,,,,,,,,,,,,,,,,,,,,,,,,,,,,,,,,,,,,,,,,,,,,,,,,,,,,,,,,,,,,,,,,,,,,,,,,,,,,,,,
740,-5.56E-06,4.10,740,-4.94E-05,36.46,697.6,-3.67E-05,28.69,793.6,-8.61E-05,59.24,,,,,,,,,,,,,,,,,,,,,,,,,,,,,,,,,,,,,,,,,,,,,,,,,,,,,,,,,,,,,,,,,,,,,,,,,,,,,,,,,,,,,,,,,,,,,,,,,,,,,,,,,,,,,,,,,,,,,,,,,,,,,,,,,,,,,,,,,,,,,,,,,,,,,,,,,,,,,,,,,,,,,,,,,,,,,,,,,,,,,,,,,,,,,,,,,,,,,,,,,,,,,,,,,,,,,,,,,,,,,,,,,,,,,,,,,,,,,,,,,,,,,,,,,,,,,,,
745,-5.34E-06,3.92,741,-4.69E-05,34.57,697.8,-3.62E-05,28.35,793.8,-8.53E-05,58.68,,,,,,,,,,,,,,,,,,,,,,,,,,,,,,,,,,,,,,,,,,,,,,,,,,,,,,,,,,,,,,,,,,,,,,,,,,,,,,,,,,,,,,,,,,,,,,,,,,,,,,,,,,,,,,,,,,,,,,,,,,,,,,,,,,,,,,,,,,,,,,,,,,,,,,,,,,,,,,,,,,,,,,,,,,,,,,,,,,,,,,,,,,,,,,,,,,,,,,,,,,,,,,,,,,,,,,,,,,,,,,,,,,,,,,,,,,,,,,,,,,,,,,,,,,,,,,,
750,-5.16E-06,3.76,742,-4.46E-05,32.81,698,-3.58E-05,28.01,794,-8.46E-05,58.13,,,,,,,,,,,,,,,,,,,,,,,,,,,,,,,,,,,,,,,,,,,,,,,,,,,,,,,,,,,,,,,,,,,,,,,,,,,,,,,,,,,,,,,,,,,,,,,,,,,,,,,,,,,,,,,,,,,,,,,,,,,,,,,,,,,,,,,,,,,,,,,,,,,,,,,,,,,,,,,,,,,,,,,,,,,,,,,,,,,,,,,,,,,,,,,,,,,,,,,,,,,,,,,,,,,,,,,,,,,,,,,,,,,,,,,,,,,,,,,,,,,,,,,,,,,,,,,
755,-5.01E-06,3.62,743,-4.24E-05,31.18,698.2,-3.54E-05,27.68,794.2,-8.38E-05,57.58,,,,,,,,,,,,,,,,,,,,,,,,,,,,,,,,,,,,,,,,,,,,,,,,,,,,,,,,,,,,,,,,,,,,,,,,,,,,,,,,,,,,,,,,,,,,,,,,,,,,,,,,,,,,,,,,,,,,,,,,,,,,,,,,,,,,,,,,,,,,,,,,,,,,,,,,,,,,,,,,,,,,,,,,,,,,,,,,,,,,,,,,,,,,,,,,,,,,,,,,,,,,,,,,,,,,,,,,,,,,,,,,,,,,,,,,,,,,,,,,,,,,,,,,,,,,,,,
760,-4.90E-06,3.52,744,-4.04E-05,29.65,698.4,-3.50E-05,27.35,794.4,-8.30E-05,57.04,,,,,,,,,,,,,,,,,,,,,,,,,,,,,,,,,,,,,,,,,,,,,,,,,,,,,,,,,,,,,,,,,,,,,,,,,,,,,,,,,,,,,,,,,,,,,,,,,,,,,,,,,,,,,,,,,,,,,,,,,,,,,,,,,,,,,,,,,,,,,,,,,,,,,,,,,,,,,,,,,,,,,,,,,,,,,,,,,,,,,,,,,,,,,,,,,,,,,,,,,,,,,,,,,,,,,,,,,,,,,,,,,,,,,,,,,,,,,,,,,,,,,,,,,,,,,,,
765,-4.83E-06,3.44,745,-3.85E-05,28.23,698.6,-3.46E-05,27.03,794.6,-8.23E-05,56.50,,,,,,,,,,,,,,,,,,,,,,,,,,,,,,,,,,,,,,,,,,,,,,,,,,,,,,,,,,,,,,,,,,,,,,,,,,,,,,,,,,,,,,,,,,,,,,,,,,,,,,,,,,,,,,,,,,,,,,,,,,,,,,,,,,,,,,,,,,,,,,,,,,,,,,,,,,,,,,,,,,,,,,,,,,,,,,,,,,,,,,,,,,,,,,,,,,,,,,,,,,,,,,,,,,,,,,,,,,,,,,,,,,,,,,,,,,,,,,,,,,,,,,,,,,,,,,,
770,-4.77E-06,3.38,746,-3.68E-05,26.91,698.8,-3.42E-05,26.72,794.8,-8.15E-05,55.97,,,,,,,,,,,,,,,,,,,,,,,,,,,,,,,,,,,,,,,,,,,,,,,,,,,,,,,,,,,,,,,,,,,,,,,,,,,,,,,,,,,,,,,,,,,,,,,,,,,,,,,,,,,,,,,,,,,,,,,,,,,,,,,,,,,,,,,,,,,,,,,,,,,,,,,,,,,,,,,,,,,,,,,,,,,,,,,,,,,,,,,,,,,,,,,,,,,,,,,,,,,,,,,,,,,,,,,,,,,,,,,,,,,,,,,,,,,,,,,,,,,,,,,,,,,,,,,
775,-4.71E-06,3.32,747,-3.52E-05,25.68,699,-3.38E-05,26.40,795,-8.08E-05,55.44,,,,,,,,,,,,,,,,,,,,,,,,,,,,,,,,,,,,,,,,,,,,,,,,,,,,,,,,,,,,,,,,,,,,,,,,,,,,,,,,,,,,,,,,,,,,,,,,,,,,,,,,,,,,,,,,,,,,,,,,,,,,,,,,,,,,,,,,,,,,,,,,,,,,,,,,,,,,,,,,,,,,,,,,,,,,,,,,,,,,,,,,,,,,,,,,,,,,,,,,,,,,,,,,,,,,,,,,,,,,,,,,,,,,,,,,,,,,,,,,,,,,,,,,,,,,,,,
780,-4.67E-06,3.27,748,-3.36E-05,24.54,699.2,-3.34E-05,26.09,795.2,-8.00E-05,54.92,,,,,,,,,,,,,,,,,,,,,,,,,,,,,,,,,,,,,,,,,,,,,,,,,,,,,,,,,,,,,,,,,,,,,,,,,,,,,,,,,,,,,,,,,,,,,,,,,,,,,,,,,,,,,,,,,,,,,,,,,,,,,,,,,,,,,,,,,,,,,,,,,,,,,,,,,,,,,,,,,,,,,,,,,,,,,,,,,,,,,,,,,,,,,,,,,,,,,,,,,,,,,,,,,,,,,,,,,,,,,,,,,,,,,,,,,,,,,,,,,,,,,,,,,,,,,,,
785,-4.64E-06,3.22,749,-3.22E-05,23.47,699.4,-3.31E-05,25.79,795.4,-7.93E-05,54.41,,,,,,,,,,,,,,,,,,,,,,,,,,,,,,,,,,,,,,,,,,,,,,,,,,,,,,,,,,,,,,,,,,,,,,,,,,,,,,,,,,,,,,,,,,,,,,,,,,,,,,,,,,,,,,,,,,,,,,,,,,,,,,,,,,,,,,,,,,,,,,,,,,,,,,,,,,,,,,,,,,,,,,,,,,,,,,,,,,,,,,,,,,,,,,,,,,,,,,,,,,,,,,,,,,,,,,,,,,,,,,,,,,,,,,,,,,,,,,,,,,,,,,,,,,,,,,,
790,-4.63E-06,3.20,750,-3.09E-05,22.47,699.6,-3.27E-05,25.49,795.6,-7.86E-05,53.90,,,,,,,,,,,,,,,,,,,,,,,,,,,,,,,,,,,,,,,,,,,,,,,,,,,,,,,,,,,,,,,,,,,,,,,,,,,,,,,,,,,,,,,,,,,,,,,,,,,,,,,,,,,,,,,,,,,,,,,,,,,,,,,,,,,,,,,,,,,,,,,,,,,,,,,,,,,,,,,,,,,,,,,,,,,,,,,,,,,,,,,,,,,,,,,,,,,,,,,,,,,,,,,,,,,,,,,,,,,,,,,,,,,,,,,,,,,,,,,,,,,,,,,,,,,,,,,
795,-4.63E-06,3.18,751,-2.96E-05,21.54,699.8,-3.23E-05,25.20,795.8,-7.79E-05,53.40,,,,,,,,,,,,,,,,,,,,,,,,,,,,,,,,,,,,,,,,,,,,,,,,,,,,,,,,,,,,,,,,,,,,,,,,,,,,,,,,,,,,,,,,,,,,,,,,,,,,,,,,,,,,,,,,,,,,,,,,,,,,,,,,,,,,,,,,,,,,,,,,,,,,,,,,,,,,,,,,,,,,,,,,,,,,,,,,,,,,,,,,,,,,,,,,,,,,,,,,,,,,,,,,,,,,,,,,,,,,,,,,,,,,,,,,,,,,,,,,,,,,,,,,,,,,,,,
800,-4.63E-06,3.16,752,-2.85E-05,20.67,700,-3.19E-05,24.91,796,-7.72E-05,52.90,,,,,,,,,,,,,,,,,,,,,,,,,,,,,,,,,,,,,,,,,,,,,,,,,,,,,,,,,,,,,,,,,,,,,,,,,,,,,,,,,,,,,,,,,,,,,,,,,,,,,,,,,,,,,,,,,,,,,,,,,,,,,,,,,,,,,,,,,,,,,,,,,,,,,,,,,,,,,,,,,,,,,,,,,,,,,,,,,,,,,,,,,,,,,,,,,,,,,,,,,,,,,,,,,,,,,,,,,,,,,,,,,,,,,,,,,,,,,,,,,,,,,,,,,,,,,,,
805,-4.63E-06,3.14,753,-2.74E-05,19.85,701,-3.02E-05,23.52,796.2,-7.65E-05,52.40,,,,,,,,,,,,,,,,,,,,,,,,,,,,,,,,,,,,,,,,,,,,,,,,,,,,,,,,,,,,,,,,,,,,,,,,,,,,,,,,,,,,,,,,,,,,,,,,,,,,,,,,,,,,,,,,,,,,,,,,,,,,,,,,,,,,,,,,,,,,,,,,,,,,,,,,,,,,,,,,,,,,,,,,,,,,,,,,,,,,,,,,,,,,,,,,,,,,,,,,,,,,,,,,,,,,,,,,,,,,,,,,,,,,,,,,,,,,,,,,,,,,,,,,,,,,,,,
810,-4.63E-06,3.12,754,-2.64E-05,19.08,702,-2.86E-05,22.23,796.4,-7.58E-05,51.91,,,,,,,,,,,,,,,,,,,,,,,,,,,,,,,,,,,,,,,,,,,,,,,,,,,,,,,,,,,,,,,,,,,,,,,,,,,,,,,,,,,,,,,,,,,,,,,,,,,,,,,,,,,,,,,,,,,,,,,,,,,,,,,,,,,,,,,,,,,,,,,,,,,,,,,,,,,,,,,,,,,,,,,,,,,,,,,,,,,,,,,,,,,,,,,,,,,,,,,,,,,,,,,,,,,,,,,,,,,,,,,,,,,,,,,,,,,,,,,,,,,,,,,,,,,,,,,
815,-4.64E-06,3.11,755,-2.54E-05,18.36,703,-2.71E-05,21.04,796.6,-7.51E-05,51.43,,,,,,,,,,,,,,,,,,,,,,,,,,,,,,,,,,,,,,,,,,,,,,,,,,,,,,,,,,,,,,,,,,,,,,,,,,,,,,,,,,,,,,,,,,,,,,,,,,,,,,,,,,,,,,,,,,,,,,,,,,,,,,,,,,,,,,,,,,,,,,,,,,,,,,,,,,,,,,,,,,,,,,,,,,,,,,,,,,,,,,,,,,,,,,,,,,,,,,,,,,,,,,,,,,,,,,,,,,,,,,,,,,,,,,,,,,,,,,,,,,,,,,,,,,,,,,,
820,-4.67E-06,3.11,756,-2.45E-05,17.69,704,-2.57E-05,19.94,796.8,-7.44E-05,50.96,,,,,,,,,,,,,,,,,,,,,,,,,,,,,,,,,,,,,,,,,,,,,,,,,,,,,,,,,,,,,,,,,,,,,,,,,,,,,,,,,,,,,,,,,,,,,,,,,,,,,,,,,,,,,,,,,,,,,,,,,,,,,,,,,,,,,,,,,,,,,,,,,,,,,,,,,,,,,,,,,,,,,,,,,,,,,,,,,,,,,,,,,,,,,,,,,,,,,,,,,,,,,,,,,,,,,,,,,,,,,,,,,,,,,,,,,,,,,,,,,,,,,,,,,,,,,,,
825,-4.70E-06,3.11,757,-2.37E-05,17.08,705,-2.45E-05,18.96,797,-7.37E-05,50.48,,,,,,,,,,,,,,,,,,,,,,,,,,,,,,,,,,,,,,,,,,,,,,,,,,,,,,,,,,,,,,,,,,,,,,,,,,,,,,,,,,,,,,,,,,,,,,,,,,,,,,,,,,,,,,,,,,,,,,,,,,,,,,,,,,,,,,,,,,,,,,,,,,,,,,,,,,,,,,,,,,,,,,,,,,,,,,,,,,,,,,,,,,,,,,,,,,,,,,,,,,,,,,,,,,,,,,,,,,,,,,,,,,,,,,,,,,,,,,,,,,,,,,,,,,,,,,,
830,-4.73E-06,3.11,758,-2.29E-05,16.51,706,-2.34E-05,18.10,797.2,-7.31E-05,50.02,,,,,,,,,,,,,,,,,,,,,,,,,,,,,,,,,,,,,,,,,,,,,,,,,,,,,,,,,,,,,,,,,,,,,,,,,,,,,,,,,,,,,,,,,,,,,,,,,,,,,,,,,,,,,,,,,,,,,,,,,,,,,,,,,,,,,,,,,,,,,,,,,,,,,,,,,,,,,,,,,,,,,,,,,,,,,,,,,,,,,,,,,,,,,,,,,,,,,,,,,,,,,,,,,,,,,,,,,,,,,,,,,,,,,,,,,,,,,,,,,,,,,,,,,,,,,,,
835,-4.74E-06,3.10,759,-2.22E-05,15.97,707,-2.24E-05,17.30,797.4,-7.24E-05,49.56,,,,,,,,,,,,,,,,,,,,,,,,,,,,,,,,,,,,,,,,,,,,,,,,,,,,,,,,,,,,,,,,,,,,,,,,,,,,,,,,,,,,,,,,,,,,,,,,,,,,,,,,,,,,,,,,,,,,,,,,,,,,,,,,,,,,,,,,,,,,,,,,,,,,,,,,,,,,,,,,,,,,,,,,,,,,,,,,,,,,,,,,,,,,,,,,,,,,,,,,,,,,,,,,,,,,,,,,,,,,,,,,,,,,,,,,,,,,,,,,,,,,,,,,,,,,,,,
840,-4.75E-06,3.08,760,-2.15E-05,15.47,708,-2.15E-05,16.55,797.6,-7.18E-05,49.10,,,,,,,,,,,,,,,,,,,,,,,,,,,,,,,,,,,,,,,,,,,,,,,,,,,,,,,,,,,,,,,,,,,,,,,,,,,,,,,,,,,,,,,,,,,,,,,,,,,,,,,,,,,,,,,,,,,,,,,,,,,,,,,,,,,,,,,,,,,,,,,,,,,,,,,,,,,,,,,,,,,,,,,,,,,,,,,,,,,,,,,,,,,,,,,,,,,,,,,,,,,,,,,,,,,,,,,,,,,,,,,,,,,,,,,,,,,,,,,,,,,,,,,,,,,,,,,
845,-4.75E-06,3.07,765,-1.87E-05,13.34,709,-2.06E-05,15.86,797.8,-7.11E-05,48.65,,,,,,,,,,,,,,,,,,,,,,,,,,,,,,,,,,,,,,,,,,,,,,,,,,,,,,,,,,,,,,,,,,,,,,,,,,,,,,,,,,,,,,,,,,,,,,,,,,,,,,,,,,,,,,,,,,,,,,,,,,,,,,,,,,,,,,,,,,,,,,,,,,,,,,,,,,,,,,,,,,,,,,,,,,,,,,,,,,,,,,,,,,,,,,,,,,,,,,,,,,,,,,,,,,,,,,,,,,,,,,,,,,,,,,,,,,,,,,,,,,,,,,,,,,,,,,,
850,-4.77E-06,3.06,770,-1.66E-05,11.73,710,-1.98E-05,15.21,798,-7.05E-05,48.21,,,,,,,,,,,,,,,,,,,,,,,,,,,,,,,,,,,,,,,,,,,,,,,,,,,,,,,,,,,,,,,,,,,,,,,,,,,,,,,,,,,,,,,,,,,,,,,,,,,,,,,,,,,,,,,,,,,,,,,,,,,,,,,,,,,,,,,,,,,,,,,,,,,,,,,,,,,,,,,,,,,,,,,,,,,,,,,,,,,,,,,,,,,,,,,,,,,,,,,,,,,,,,,,,,,,,,,,,,,,,,,,,,,,,,,,,,,,,,,,,,,,,,,,,,,,,,,
,,,775,-1.49E-05,10.48,711,-1.90E-05,14.61,798.2,-6.99E-05,47.77,,,,,,,,,,,,,,,,,,,,,,,,,,,,,,,,,,,,,,,,,,,,,,,,,,,,,,,,,,,,,,,,,,,,,,,,,,,,,,,,,,,,,,,,,,,,,,,,,,,,,,,,,,,,,,,,,,,,,,,,,,,,,,,,,,,,,,,,,,,,,,,,,,,,,,,,,,,,,,,,,,,,,,,,,,,,,,,,,,,,,,,,,,,,,,,,,,,,,,,,,,,,,,,,,,,,,,,,,,,,,,,,,,,,,,,,,,,,,,,,,,,,,,,,,,,,,,,
,,,780,-1.35E-05,9.47,712,-1.83E-05,14.04,798.4,-6.92E-05,47.33,,,,,,,,,,,,,,,,,,,,,,,,,,,,,,,,,,,,,,,,,,,,,,,,,,,,,,,,,,,,,,,,,,,,,,,,,,,,,,,,,,,,,,,,,,,,,,,,,,,,,,,,,,,,,,,,,,,,,,,,,,,,,,,,,,,,,,,,,,,,,,,,,,,,,,,,,,,,,,,,,,,,,,,,,,,,,,,,,,,,,,,,,,,,,,,,,,,,,,,,,,,,,,,,,,,,,,,,,,,,,,,,,,,,,,,,,,,,,,,,,,,,,,,,,,,,,,,
,,,785,-1.24E-05,8.65,713,-1.77E-05,13.52,798.6,-6.86E-05,46.91,,,,,,,,,,,,,,,,,,,,,,,,,,,,,,,,,,,,,,,,,,,,,,,,,,,,,,,,,,,,,,,,,,,,,,,,,,,,,,,,,,,,,,,,,,,,,,,,,,,,,,,,,,,,,,,,,,,,,,,,,,,,,,,,,,,,,,,,,,,,,,,,,,,,,,,,,,,,,,,,,,,,,,,,,,,,,,,,,,,,,,,,,,,,,,,,,,,,,,,,,,,,,,,,,,,,,,,,,,,,,,,,,,,,,,,,,,,,,,,,,,,,,,,,,,,,,,,
,,,790,-1.16E-05,8.00,714,-1.70E-05,13.02,798.8,-6.80E-05,46.48,,,,,,,,,,,,,,,,,,,,,,,,,,,,,,,,,,,,,,,,,,,,,,,,,,,,,,,,,,,,,,,,,,,,,,,,,,,,,,,,,,,,,,,,,,,,,,,,,,,,,,,,,,,,,,,,,,,,,,,,,,,,,,,,,,,,,,,,,,,,,,,,,,,,,,,,,,,,,,,,,,,,,,,,,,,,,,,,,,,,,,,,,,,,,,,,,,,,,,,,,,,,,,,,,,,,,,,,,,,,,,,,,,,,,,,,,,,,,,,,,,,,,,,,,,,,,,,
,,,795,-1.09E-05,7.47,715,-1.65E-05,12.56,799,-6.74E-05,46.06,,,,,,,,,,,,,,,,,,,,,,,,,,,,,,,,,,,,,,,,,,,,,,,,,,,,,,,,,,,,,,,,,,,,,,,,,,,,,,,,,,,,,,,,,,,,,,,,,,,,,,,,,,,,,,,,,,,,,,,,,,,,,,,,,,,,,,,,,,,,,,,,,,,,,,,,,,,,,,,,,,,,,,,,,,,,,,,,,,,,,,,,,,,,,,,,,,,,,,,,,,,,,,,,,,,,,,,,,,,,,,,,,,,,,,,,,,,,,,,,,,,,,,,,,,,,,,,
,,,800,-1.03E-05,7.04,720,-1.40E-05,10.63,799.2,-6.68E-05,45.65,,,,,,,,,,,,,,,,,,,,,,,,,,,,,,,,,,,,,,,,,,,,,,,,,,,,,,,,,,,,,,,,,,,,,,,,,,,,,,,,,,,,,,,,,,,,,,,,,,,,,,,,,,,,,,,,,,,,,,,,,,,,,,,,,,,,,,,,,,,,,,,,,,,,,,,,,,,,,,,,,,,,,,,,,,,,,,,,,,,,,,,,,,,,,,,,,,,,,,,,,,,,,,,,,,,,,,,,,,,,,,,,,,,,,,,,,,,,,,,,,,,,,,,,,,,,,,,
,,,805,-9.82E-06,6.66,725,-1.22E-05,9.20,799.4,-6.63E-05,45.24,,,,,,,,,,,,,,,,,,,,,,,,,,,,,,,,,,,,,,,,,,,,,,,,,,,,,,,,,,,,,,,,,,,,,,,,,,,,,,,,,,,,,,,,,,,,,,,,,,,,,,,,,,,,,,,,,,,,,,,,,,,,,,,,,,,,,,,,,,,,,,,,,,,,,,,,,,,,,,,,,,,,,,,,,,,,,,,,,,,,,,,,,,,,,,,,,,,,,,,,,,,,,,,,,,,,,,,,,,,,,,,,,,,,,,,,,,,,,,,,,,,,,,,,,,,,,,,
,,,810,-9.39E-06,6.33,730,-1.09E-05,8.11,799.6,-6.57E-05,44.84,,,,,,,,,,,,,,,,,,,,,,,,,,,,,,,,,,,,,,,,,,,,,,,,,,,,,,,,,,,,,,,,,,,,,,,,,,,,,,,,,,,,,,,,,,,,,,,,,,,,,,,,,,,,,,,,,,,,,,,,,,,,,,,,,,,,,,,,,,,,,,,,,,,,,,,,,,,,,,,,,,,,,,,,,,,,,,,,,,,,,,,,,,,,,,,,,,,,,,,,,,,,,,,,,,,,,,,,,,,,,,,,,,,,,,,,,,,,,,,,,,,,,,,,,,,,,,,
,,,815,-9.03E-06,6.04,735,-9.78E-06,7.26,799.8,-6.51E-05,44.44,,,,,,,,,,,,,,,,,,,,,,,,,,,,,,,,,,,,,,,,,,,,,,,,,,,,,,,,,,,,,,,,,,,,,,,,,,,,,,,,,,,,,,,,,,,,,,,,,,,,,,,,,,,,,,,,,,,,,,,,,,,,,,,,,,,,,,,,,,,,,,,,,,,,,,,,,,,,,,,,,,,,,,,,,,,,,,,,,,,,,,,,,,,,,,,,,,,,,,,,,,,,,,,,,,,,,,,,,,,,,,,,,,,,,,,,,,,,,,,,,,,,,,,,,,,,,,,
,,,820,-8.73E-06,5.81,740,-8.93E-06,6.59,800,-6.46E-05,44.04,,,,,,,,,,,,,,,,,,,,,,,,,,,,,,,,,,,,,,,,,,,,,,,,,,,,,,,,,,,,,,,,,,,,,,,,,,,,,,,,,,,,,,,,,,,,,,,,,,,,,,,,,,,,,,,,,,,,,,,,,,,,,,,,,,,,,,,,,,,,,,,,,,,,,,,,,,,,,,,,,,,,,,,,,,,,,,,,,,,,,,,,,,,,,,,,,,,,,,,,,,,,,,,,,,,,,,,,,,,,,,,,,,,,,,,,,,,,,,,,,,,,,,,,,,,,,,,
,,,825,-8.48E-06,5.61,745,-8.26E-06,6.05,801,-6.19E-05,42.14,,,,,,,,,,,,,,,,,,,,,,,,,,,,,,,,,,,,,,,,,,,,,,,,,,,,,,,,,,,,,,,,,,,,,,,,,,,,,,,,,,,,,,,,,,,,,,,,,,,,,,,,,,,,,,,,,,,,,,,,,,,,,,,,,,,,,,,,,,,,,,,,,,,,,,,,,,,,,,,,,,,,,,,,,,,,,,,,,,,,,,,,,,,,,,,,,,,,,,,,,,,,,,,,,,,,,,,,,,,,,,,,,,,,,,,,,,,,,,,,,,,,,,,,,,,,,,,
,,,830,-8.27E-06,5.44,750,-7.72E-06,5.61,802,-5.93E-05,40.36,,,,,,,,,,,,,,,,,,,,,,,,,,,,,,,,,,,,,,,,,,,,,,,,,,,,,,,,,,,,,,,,,,,,,,,,,,,,,,,,,,,,,,,,,,,,,,,,,,,,,,,,,,,,,,,,,,,,,,,,,,,,,,,,,,,,,,,,,,,,,,,,,,,,,,,,,,,,,,,,,,,,,,,,,,,,,,,,,,,,,,,,,,,,,,,,,,,,,,,,,,,,,,,,,,,,,,,,,,,,,,,,,,,,,,,,,,,,,,,,,,,,,,,,,,,,,,,
,,,835,-8.08E-06,5.28,755,-7.26E-06,5.24,803,-5.69E-05,38.68,,,,,,,,,,,,,,,,,,,,,,,,,,,,,,,,,,,,,,,,,,,,,,,,,,,,,,,,,,,,,,,,,,,,,,,,,,,,,,,,,,,,,,,,,,,,,,,,,,,,,,,,,,,,,,,,,,,,,,,,,,,,,,,,,,,,,,,,,,,,,,,,,,,,,,,,,,,,,,,,,,,,,,,,,,,,,,,,,,,,,,,,,,,,,,,,,,,,,,,,,,,,,,,,,,,,,,,,,,,,,,,,,,,,,,,,,,,,,,,,,,,,,,,,,,,,,,,
,,,840,-7.90E-06,5.13,760,-6.91E-06,4.96,804,-5.47E-05,37.10,,,,,,,,,,,,,,,,,,,,,,,,,,,,,,,,,,,,,,,,,,,,,,,,,,,,,,,,,,,,,,,,,,,,,,,,,,,,,,,,,,,,,,,,,,,,,,,,,,,,,,,,,,,,,,,,,,,,,,,,,,,,,,,,,,,,,,,,,,,,,,,,,,,,,,,,,,,,,,,,,,,,,,,,,,,,,,,,,,,,,,,,,,,,,,,,,,,,,,,,,,,,,,,,,,,,,,,,,,,,,,,,,,,,,,,,,,,,,,,,,,,,,,,,,,,,,,,
,,,845,-7.71E-06,4.98,765,-6.64E-06,4.74,805,-5.25E-05,35.61,,,,,,,,,,,,,,,,,,,,,,,,,,,,,,,,,,,,,,,,,,,,,,,,,,,,,,,,,,,,,,,,,,,,,,,,,,,,,,,,,,,,,,,,,,,,,,,,,,,,,,,,,,,,,,,,,,,,,,,,,,,,,,,,,,,,,,,,,,,,,,,,,,,,,,,,,,,,,,,,,,,,,,,,,,,,,,,,,,,,,,,,,,,,,,,,,,,,,,,,,,,,,,,,,,,,,,,,,,,,,,,,,,,,,,,,,,,,,,,,,,,,,,,,,,,,,,,
,,,850,-7.56E-06,4.85,770,-6.43E-06,4.56,806,-5.05E-05,34.21,,,,,,,,,,,,,,,,,,,,,,,,,,,,,,,,,,,,,,,,,,,,,,,,,,,,,,,,,,,,,,,,,,,,,,,,,,,,,,,,,,,,,,,,,,,,,,,,,,,,,,,,,,,,,,,,,,,,,,,,,,,,,,,,,,,,,,,,,,,,,,,,,,,,,,,,,,,,,,,,,,,,,,,,,,,,,,,,,,,,,,,,,,,,,,,,,,,,,,,,,,,,,,,,,,,,,,,,,,,,,,,,,,,,,,,,,,,,,,,,,,,,,,,,,,,,,,,
,,,855,-7.44E-06,4.75,775,-6.24E-06,4.39,807,-4.86E-05,32.89,,,,,,,,,,,,,,,,,,,,,,,,,,,,,,,,,,,,,,,,,,,,,,,,,,,,,,,,,,,,,,,,,,,,,,,,,,,,,,,,,,,,,,,,,,,,,,,,,,,,,,,,,,,,,,,,,,,,,,,,,,,,,,,,,,,,,,,,,,,,,,,,,,,,,,,,,,,,,,,,,,,,,,,,,,,,,,,,,,,,,,,,,,,,,,,,,,,,,,,,,,,,,,,,,,,,,,,,,,,,,,,,,,,,,,,,,,,,,,,,,,,,,,,,,,,,,,,
,,,860,-7.35E-06,4.67,780,-6.07E-06,4.25,808,-4.69E-05,31.65,,,,,,,,,,,,,,,,,,,,,,,,,,,,,,,,,,,,,,,,,,,,,,,,,,,,,,,,,,,,,,,,,,,,,,,,,,,,,,,,,,,,,,,,,,,,,,,,,,,,,,,,,,,,,,,,,,,,,,,,,,,,,,,,,,,,,,,,,,,,,,,,,,,,,,,,,,,,,,,,,,,,,,,,,,,,,,,,,,,,,,,,,,,,,,,,,,,,,,,,,,,,,,,,,,,,,,,,,,,,,,,,,,,,,,,,,,,,,,,,,,,,,,,,,,,,,,,
,,,865,-7.30E-06,4.61,785,-5.93E-06,4.12,809,-4.52E-05,30.47,,,,,,,,,,,,,,,,,,,,,,,,,,,,,,,,,,,,,,,,,,,,,,,,,,,,,,,,,,,,,,,,,,,,,,,,,,,,,,,,,,,,,,,,,,,,,,,,,,,,,,,,,,,,,,,,,,,,,,,,,,,,,,,,,,,,,,,,,,,,,,,,,,,,,,,,,,,,,,,,,,,,,,,,,,,,,,,,,,,,,,,,,,,,,,,,,,,,,,,,,,,,,,,,,,,,,,,,,,,,,,,,,,,,,,,,,,,,,,,,,,,,,,,,,,,,,,,
,,,870,-7.28E-06,4.57,790,-5.83E-06,4.03,810,-4.36E-05,29.36,,,,,,,,,,,,,,,,,,,,,,,,,,,,,,,,,,,,,,,,,,,,,,,,,,,,,,,,,,,,,,,,,,,,,,,,,,,,,,,,,,,,,,,,,,,,,,,,,,,,,,,,,,,,,,,,,,,,,,,,,,,,,,,,,,,,,,,,,,,,,,,,,,,,,,,,,,,,,,,,,,,,,,,,,,,,,,,,,,,,,,,,,,,,,,,,,,,,,,,,,,,,,,,,,,,,,,,,,,,,,,,,,,,,,,,,,,,,,,,,,,,,,,,,,,,,,,,
,,,875,-7.26E-06,4.53,795,-5.75E-06,3.95,811,-4.21E-05,28.32,,,,,,,,,,,,,,,,,,,,,,,,,,,,,,,,,,,,,,,,,,,,,,,,,,,,,,,,,,,,,,,,,,,,,,,,,,,,,,,,,,,,,,,,,,,,,,,,,,,,,,,,,,,,,,,,,,,,,,,,,,,,,,,,,,,,,,,,,,,,,,,,,,,,,,,,,,,,,,,,,,,,,,,,,,,,,,,,,,,,,,,,,,,,,,,,,,,,,,,,,,,,,,,,,,,,,,,,,,,,,,,,,,,,,,,,,,,,,,,,,,,,,,,,,,,,,,,
,,,880,-7.21E-06,4.47,800,-5.69E-06,3.88,812,-4.07E-05,27.33,,,,,,,,,,,,,,,,,,,,,,,,,,,,,,,,,,,,,,,,,,,,,,,,,,,,,,,,,,,,,,,,,,,,,,,,,,,,,,,,,,,,,,,,,,,,,,,,,,,,,,,,,,,,,,,,,,,,,,,,,,,,,,,,,,,,,,,,,,,,,,,,,,,,,,,,,,,,,,,,,,,,,,,,,,,,,,,,,,,,,,,,,,,,,,,,,,,,,,,,,,,,,,,,,,,,,,,,,,,,,,,,,,,,,,,,,,,,,,,,,,,,,,,,,,,,,,,
,,,885,-7.14E-06,4.40,805,-5.63E-06,3.82,813,-3.93E-05,26.39,,,,,,,,,,,,,,,,,,,,,,,,,,,,,,,,,,,,,,,,,,,,,,,,,,,,,,,,,,,,,,,,,,,,,,,,,,,,,,,,,,,,,,,,,,,,,,,,,,,,,,,,,,,,,,,,,,,,,,,,,,,,,,,,,,,,,,,,,,,,,,,,,,,,,,,,,,,,,,,,,,,,,,,,,,,,,,,,,,,,,,,,,,,,,,,,,,,,,,,,,,,,,,,,,,,,,,,,,,,,,,,,,,,,,,,,,,,,,,,,,,,,,,,,,,,,,,,
,,,890,-7.07E-06,4.34,810,-5.57E-06,3.75,814,-3.81E-05,25.51,,,,,,,,,,,,,,,,,,,,,,,,,,,,,,,,,,,,,,,,,,,,,,,,,,,,,,,,,,,,,,,,,,,,,,,,,,,,,,,,,,,,,,,,,,,,,,,,,,,,,,,,,,,,,,,,,,,,,,,,,,,,,,,,,,,,,,,,,,,,,,,,,,,,,,,,,,,,,,,,,,,,,,,,,,,,,,,,,,,,,,,,,,,,,,,,,,,,,,,,,,,,,,,,,,,,,,,,,,,,,,,,,,,,,,,,,,,,,,,,,,,,,,,,,,,,,,,
,,,895,-7.09E-06,4.32,815,-5.53E-06,3.70,815,-3.69E-05,24.68,,,,,,,,,,,,,,,,,,,,,,,,,,,,,,,,,,,,,,,,,,,,,,,,,,,,,,,,,,,,,,,,,,,,,,,,,,,,,,,,,,,,,,,,,,,,,,,,,,,,,,,,,,,,,,,,,,,,,,,,,,,,,,,,,,,,,,,,,,,,,,,,,,,,,,,,,,,,,,,,,,,,,,,,,,,,,,,,,,,,,,,,,,,,,,,,,,,,,,,,,,,,,,,,,,,,,,,,,,,,,,,,,,,,,,,,,,,,,,,,,,,,,,,,,,,,,,,
,,,900,-7.17E-06,4.35,820,-5.52E-06,3.67,820,-3.18E-05,21.14,,,,,,,,,,,,,,,,,,,,,,,,,,,,,,,,,,,,,,,,,,,,,,,,,,,,,,,,,,,,,,,,,,,,,,,,,,,,,,,,,,,,,,,,,,,,,,,,,,,,,,,,,,,,,,,,,,,,,,,,,,,,,,,,,,,,,,,,,,,,,,,,,,,,,,,,,,,,,,,,,,,,,,,,,,,,,,,,,,,,,,,,,,,,,,,,,,,,,,,,,,,,,,,,,,,,,,,,,,,,,,,,,,,,,,,,,,,,,,,,,,,,,,,,,,,,,,,
,,,,,,825,-5.50E-06,3.64,825,-2.79E-05,18.43,,,,,,,,,,,,,,,,,,,,,,,,,,,,,,,,,,,,,,,,,,,,,,,,,,,,,,,,,,,,,,,,,,,,,,,,,,,,,,,,,,,,,,,,,,,,,,,,,,,,,,,,,,,,,,,,,,,,,,,,,,,,,,,,,,,,,,,,,,,,,,,,,,,,,,,,,,,,,,,,,,,,,,,,,,,,,,,,,,,,,,,,,,,,,,,,,,,,,,,,,,,,,,,,,,,,,,,,,,,,,,,,,,,,,,,,,,,,,,,,,,,,,,,,,,,,,,,
,,,,,,830,-5.50E-06,3.61,830,-2.48E-05,16.32,,,,,,,,,,,,,,,,,,,,,,,,,,,,,,,,,,,,,,,,,,,,,,,,,,,,,,,,,,,,,,,,,,,,,,,,,,,,,,,,,,,,,,,,,,,,,,,,,,,,,,,,,,,,,,,,,,,,,,,,,,,,,,,,,,,,,,,,,,,,,,,,,,,,,,,,,,,,,,,,,,,,,,,,,,,,,,,,,,,,,,,,,,,,,,,,,,,,,,,,,,,,,,,,,,,,,,,,,,,,,,,,,,,,,,,,,,,,,,,,,,,,,,,,,,,,,,,
,,,,,,835,-5.49E-06,3.59,835,-2.24E-05,14.66,,,,,,,,,,,,,,,,,,,,,,,,,,,,,,,,,,,,,,,,,,,,,,,,,,,,,,,,,,,,,,,,,,,,,,,,,,,,,,,,,,,,,,,,,,,,,,,,,,,,,,,,,,,,,,,,,,,,,,,,,,,,,,,,,,,,,,,,,,,,,,,,,,,,,,,,,,,,,,,,,,,,,,,,,,,,,,,,,,,,,,,,,,,,,,,,,,,,,,,,,,,,,,,,,,,,,,,,,,,,,,,,,,,,,,,,,,,,,,,,,,,,,,,,,,,,,,,
,,,,,,840,-5.46E-06,3.54,840,-2.05E-05,13.31,,,,,,,,,,,,,,,,,,,,,,,,,,,,,,,,,,,,,,,,,,,,,,,,,,,,,,,,,,,,,,,,,,,,,,,,,,,,,,,,,,,,,,,,,,,,,,,,,,,,,,,,,,,,,,,,,,,,,,,,,,,,,,,,,,,,,,,,,,,,,,,,,,,,,,,,,,,,,,,,,,,,,,,,,,,,,,,,,,,,,,,,,,,,,,,,,,,,,,,,,,,,,,,,,,,,,,,,,,,,,,,,,,,,,,,,,,,,,,,,,,,,,,,,,,,,,,,
,,,,,,845,-5.43E-06,3.51,845,-1.88E-05,12.15,,,,,,,,,,,,,,,,,,,,,,,,,,,,,,,,,,,,,,,,,,,,,,,,,,,,,,,,,,,,,,,,,,,,,,,,,,,,,,,,,,,,,,,,,,,,,,,,,,,,,,,,,,,,,,,,,,,,,,,,,,,,,,,,,,,,,,,,,,,,,,,,,,,,,,,,,,,,,,,,,,,,,,,,,,,,,,,,,,,,,,,,,,,,,,,,,,,,,,,,,,,,,,,,,,,,,,,,,,,,,,,,,,,,,,,,,,,,,,,,,,,,,,,,,,,,,,,
,,,,,,850,-5.42E-06,3.48,850,-1.74E-05,11.18,,,,,,,,,,,,,,,,,,,,,,,,,,,,,,,,,,,,,,,,,,,,,,,,,,,,,,,,,,,,,,,,,,,,,,,,,,,,,,,,,,,,,,,,,,,,,,,,,,,,,,,,,,,,,,,,,,,,,,,,,,,,,,,,,,,,,,,,,,,,,,,,,,,,,,,,,,,,,,,,,,,,,,,,,,,,,,,,,,,,,,,,,,,,,,,,,,,,,,,,,,,,,,,,,,,,,,,,,,,,,,,,,,,,,,,,,,,,,,,,,,,,,,,,,,,,,,,
